{"stat.useItem.minecraft.chest":51,"stat.useItem.minecraft.fence_gate":20,"stat.useItem.minecraft.ice":13,"stat.useItem.minecraft.iron_bars":573,"stat.useItem.minecraft.stone_brick_stairs":306,"stat.mineBlock.minecraft.sand":63,"stat.useItem.minecraft.cobblestone":259,"stat.useItem.minecraft.stone_button":11,"stat.useItem.minecraft.leaves":1770,"stat.useItem.minecraft.netherrack":1,"stat.useItem.minecraft.quartz_block":18473,"stat.craftItem.minecraft.wooden_hoe":1,"stat.useItem.minecraft.command_block":2,"stat.mineBlock.minecraft.jungle_stairs":2,"stat.useItem.minecraft.stained_glass":24791,"achievement.openInventory":1152,"stat.damageDealt":2170,"stat.useItem.minecraft.fence":69,"stat.useItem.minecraft.item_frame":7,"stat.useItem.minecraft.brick_block":438,"stat.useItem.minecraft.iron_block":75,"stat.useItem.minecraft.spruce_fence":38,"stat.killEntity.Cow":15,"stat.crouchOneCm":40897,"stat.useItem.minecraft.stained_glass_pane":1053,"stat.useItem.minecraft.packed_ice":66,"stat.mineBlock.minecraft.red_mushroom":2,"stat.useItem.minecraft.acacia_door":11,"achievement.exploreAllBiomes":{"value":0,"progress":["Extreme Hills M","Desert","Taiga","Deep Ocean","Extreme Hills","Swampland M","Savanna Plateau","Birch Forest Hills","DesertHills","Birch Forest","Savanna M","Savanna","Swampland","River","Sunflower Plains","Extreme Hills+","Flower Forest","Ocean","Plains","TaigaHills","ForestHills","Forest","Birch Forest M","Beach","Savanna Plateau M"]},"stat.useItem.minecraft.log":3,"stat.useItem.minecraft.snowball":207,"stat.mineBlock.minecraft.log":78,"stat.craftItem.minecraft.leather_helmet":1,"stat.useItem.minecraft.planks":596,"stat.talkedToVillager":1,"stat.useItem.minecraft.quartz_stairs":252,"stat.fallOneCm":9309,"stat.flyOneCm":52021552,"stat.useItem.minecraft.jungle_stairs":130,"stat.useItem.minecraft.red_flower":29,"stat.damageTaken":3121,"stat.useItem.minecraft.torch":4188,"stat.useItem.minecraft.boat":24,"stat.useItem.minecraft.bed":44,"stat.useItem.minecraft.monster_egg":270,"stat.useItem.minecraft.diamond_sword":287,"stat.useItem.minecraft.water_bucket":62,"stat.useItem.minecraft.sponge":13,"stat.useItem.minecraft.oak_stairs":8,"stat.useItem.minecraft.dropper":21,"stat.craftItem.minecraft.wooden_shovel":1,"stat.useItem.minecraft.stained_hardened_clay":15963,"stat.useItem.minecraft.stonebrick":1490,"achievement.buildWorkBench":1,"stat.useItem.minecraft.golden_rail":150,"stat.useItem.minecraft.clay":7066,"stat.useItem.minecraft.dye":903,"stat.useItem.minecraft.stone":187,"stat.useItem.minecraft.furnace":10,"stat.useItem.minecraft.birch_door":6,"stat.useItem.minecraft.flower_pot":15,"stat.useItem.minecraft.trapped_chest":33,"stat.useItem.minecraft.ladder":294,"stat.useItem.minecraft.double_plant":1,"stat.useItem.minecraft.hardened_clay":2,"stat.useItem.minecraft.flint_and_steel":74,"stat.climbOneCm":161498,"stat.useItem.minecraft.redstone":51,"stat.useItem.minecraft.sapling":10,"stat.mineBlock.minecraft.pumpkin":13,"stat.drop":42,"stat.useItem.minecraft.diamond_block":16,"stat.useItem.minecraft.repeater":31,"stat.useItem.minecraft.stone_pressure_plate":4,"achievement.buildHoe":1,"stat.useItem.minecraft.comparator":3,"stat.useItem.minecraft.glowstone":4,"stat.useItem.minecraft.bow":39,"achievement.mineWood":78,"stat.useItem.minecraft.stone_slab":21651,"stat.killEntity.Creeper":1,"stat.useItem.minecraft.jungle_fence":1,"stat.mineBlock.minecraft.planks":1,"stat.useItem.minecraft.lapis_block":75,"stat.useItem.minecraft.crafting_table":30,"stat.playOneMinute":4377397,"stat.useItem.minecraft.redstone_torch":36,"stat.useItem.minecraft.birch_fence":698,"stat.leaveGame":561,"stat.diveOneCm":69536,"stat.useItem.minecraft.glass":79,"stat.useItem.minecraft.ender_pearl":16,"stat.timeSinceDeath":209,"stat.useItem.minecraft.birch_fence_gate":14,"stat.useItem.minecraft.iron_trapdoor":6,"stat.useItem.minecraft.ender_eye":57,"stat.useItem.minecraft.gravel":53,"stat.mineBlock.minecraft.leaves":25,"stat.craftItem.minecraft.stick":8,"stat.boatOneCm":924832,"stat.useItem.minecraft.painting":482,"stat.useItem.minecraft.wool":9740,"stat.entityKilledBy.Skeleton":3,"stat.swimOneCm":141611,"stat.useItem.minecraft.dark_oak_door":29,"stat.horseOneCm":9067350,"stat.walkOneCm":5355385,"stat.useItem.minecraft.sandstone":482,"stat.useItem.minecraft.carpet":2938,"stat.jump":4177,"stat.useItem.minecraft.beacon":70,"stat.entityKilledBy.Zombie":2,"stat.useItem.minecraft.beef":16,"stat.entityKilledBy.Enderman":2,"stat.useItem.minecraft.apple":3,"stat.mineBlock.minecraft.tallgrass":2,"stat.useItem.minecraft.daylight_detector":127,"stat.useItem.minecraft.cobblestone_wall":793,"stat.deaths":26,"stat.useItem.minecraft.vine":3,"stat.useItem.minecraft.wooden_slab":1005,"stat.craftItem.minecraft.crafting_table":1,"stat.mobKills":17,"stat.craftItem.minecraft.planks":38,"stat.killEntity.Zombie":1,"stat.useItem.minecraft.sign":105,"stat.mineBlock.minecraft.dirt":43,"stat.useItem.minecraft.birch_stairs":18,"stat.useItem.minecraft.bookshelf":50,"stat.useItem.minecraft.stone_slab2":141,"stat.useItem.minecraft.armor_stand":17,"stat.useItem.minecraft.cauldron":1,"stat.useItem.minecraft.banner":59,"stat.useItem.minecraft.tallgrass":2,"stat.useItem.minecraft.sea_lantern":2456,"stat.sprintOneCm":1009165,"stat.useItem.minecraft.dirt":1901}