{"stats":{"minecraft:mined":{"minecraft:grass_block":19,"minecraft:brown_bed":1,"minecraft:crafting_table":1,"minecraft:wheat":1,"minecraft:grass":7,"minecraft:oak_log":3,"minecraft:dirt":2},"minecraft:killed":{"minecraft:pig":1,"minecraft:sheep":11},"minecraft:dropped":{"minecraft:spruce_sign":1,"minecraft:water_bucket":6,"minecraft:stripped_spruce_log":1,"minecraft:porkchop":1,"minecraft:wheat_seeds":10,"minecraft:polished_blackstone":1,"minecraft:dark_oak_button":1,"minecraft:elytra":2,"minecraft:red_carpet":1,"minecraft:polished_andesite":1,"minecraft:stick":4,"minecraft:cobblestone_stairs":1,"minecraft:dirt":1,"minecraft:mutton":15,"minecraft:wooden_axe":2,"minecraft:writable_book":1,"minecraft:paper":5,"minecraft:dark_oak_planks":1,"minecraft:white_wool":1,"minecraft:spruce_sapling":2,"minecraft:red_concrete":1,"minecraft:lever":1,"minecraft:player_head":3,"minecraft:diamond_hoe":1,"minecraft:wheat":2,"minecraft:birch_pressure_plate":1,"minecraft:music_disc_far":1,"minecraft:name_tag":63,"minecraft:nether_brick_fence":1,"minecraft:spruce_fence":1,"minecraft:glass_pane":1,"minecraft:carrot":7,"minecraft:lily_of_the_valley":1,"minecraft:snow":1,"minecraft:oak_button":2,"minecraft:brown_bed":1,"minecraft:painting":1,"minecraft:spruce_slab":1,"minecraft:spruce_log":64,"minecraft:birch_button":1,"minecraft:written_book":1},"minecraft:picked_up":{"minecraft:wooden_axe":1,"minecraft:crafting_table":1,"minecraft:wheat":2,"minecraft:music_disc_cat":1,"minecraft:elytra":1,"minecraft:written_book":2,"minecraft:player_head":65,"minecraft:light_gray_wool":1,"minecraft:stick":2,"minecraft:porkchop":2,"minecraft:carrot":7,"minecraft:mutton":15,"minecraft:white_wool":12,"minecraft:water_bucket":3,"minecraft:oak_log":3,"minecraft:paper":8,"minecraft:dirt":21,"minecraft:lantern":2,"minecraft:wheat_seeds":13,"minecraft:music_disc_far":1,"minecraft:bamboo":7,"minecraft:spruce_sapling":2,"minecraft:spruce_log":1,"minecraft:music_disc_mall":1,"minecraft:lever":2,"minecraft:polished_blackstone_button":1,"minecraft:bone_meal":1,"minecraft:oak_button":3},"minecraft:killed_by":{"minecraft:player":5},"minecraft:custom":{"minecraft:mob_kills":12,"minecraft:interact_with_anvil":16,"minecraft:inspect_hopper":2,"minecraft:interact_with_crafting_table":1,"minecraft:open_barrel":7,"minecraft:fill_cauldron":1,"minecraft:leave_game":18,"minecraft:time_since_death":22459,"minecraft:climb_one_cm":16958,"minecraft:sprint_one_cm":450441,"minecraft:walk_one_cm":1042644,"minecraft:drop":76,"minecraft:deaths":16,"minecraft:sneak_time":21305,"minecraft:walk_under_water_one_cm":13217,"minecraft:boat_one_cm":50344,"minecraft:interact_with_lectern":2,"minecraft:interact_with_brewingstand":6,"minecraft:jump":2071,"minecraft:interact_with_blast_furnace":1,"minecraft:walk_on_water_one_cm":5466,"minecraft:play_record":1,"minecraft:tune_noteblock":54,"minecraft:play_one_minute":598025,"minecraft:interact_with_loom":1,"minecraft:pot_flower":3,"minecraft:sleep_in_bed":2,"minecraft:time_since_rest":22479,"minecraft:open_enderchest":1,"minecraft:damage_taken":21291,"minecraft:damage_dealt":1480,"minecraft:swim_one_cm":7770,"minecraft:fly_one_cm":4339516,"minecraft:player_kills":3,"minecraft:open_chest":56,"minecraft:crouch_one_cm":53896,"minecraft:aviate_one_cm":318082,"minecraft:inspect_dispenser":3,"minecraft:fall_one_cm":208237,"minecraft:horse_one_cm":71537},"minecraft:crafted":{"minecraft:oak_planks":12,"minecraft:crafting_table":1,"minecraft:wooden_hoe":1,"minecraft:stick":4},"minecraft:used":{"minecraft:peony":1,"minecraft:oak_trapdoor":23,"minecraft:nether_brick_fence":3,"minecraft:netherite_sword":5,"minecraft:rose_bush":9,"minecraft:writable_book":2,"minecraft:iron_bars":6,"minecraft:white_tulip":1,"minecraft:armor_stand":2,"minecraft:dispenser":4,"minecraft:spruce_slab":249,"minecraft:redstone":13,"minecraft:diamond_hoe":13,"minecraft:ladder":26,"minecraft:oak_sign":4,"minecraft:spruce_planks":182,"minecraft:chest":2,"minecraft:stone":48,"minecraft:player_head":3,"minecraft:spruce_leaves":1,"minecraft:soul_campfire":6,"minecraft:torch":1,"minecraft:brewing_stand":1,"minecraft:anvil":57,"minecraft:dirt":25,"minecraft:birch_pressure_plate":1,"minecraft:lily_of_the_valley":2,"minecraft:hopper":4,"minecraft:spruce_stairs":291,"minecraft:cobblestone_wall":1,"minecraft:carrot":13,"minecraft:jungle_slab":2,"minecraft:spruce_fence":22,"minecraft:granite":19,"minecraft:stripped_spruce_log":2,"minecraft:spruce_boat":2,"minecraft:glass":10,"minecraft:dark_oak_planks":3,"minecraft:lava_bucket":3,"minecraft:red_tulip":1,"minecraft:spruce_wood":39,"minecraft:lantern":16,"minecraft:grass_block":148,"minecraft:brick_stairs":27,"minecraft:spruce_button":1,"minecraft:crimson_slab":14,"minecraft:warped_nylium":2,"minecraft:polished_blackstone_brick_stairs":5,"minecraft:dark_oak_button":1,"minecraft:crimson_planks":8,"minecraft:stone_brick_stairs":172,"minecraft:stone_bricks":66,"minecraft:bamboo":18,"minecraft:repeater":5,"minecraft:red_carpet":4,"minecraft:bow":141,"minecraft:snow":7,"minecraft:hay_block":31,"minecraft:written_book":3,"minecraft:magenta_terracotta":4,"minecraft:furnace":3,"minecraft:white_stained_glass_pane":24,"minecraft:dragon_head":22,"minecraft:large_fern":5,"minecraft:brown_bed":2,"minecraft:wheat_seeds":3,"minecraft:water_bucket":52,"minecraft:end_rod":7,"minecraft:cobblestone_stairs":14,"minecraft:spruce_door":5,"minecraft:polished_andesite":6,"minecraft:dark_oak_sign":1,"minecraft:blackstone_stairs":3,"minecraft:oak_planks":53,"minecraft:birch_wood":2,"minecraft:orange_tulip":2,"minecraft:spruce_sign":2,"minecraft:redstone_block":4,"minecraft:composter":3,"minecraft:cauldron":1,"minecraft:cobblestone_slab":2,"minecraft:sheep_spawn_egg":11,"minecraft:spruce_fence_gate":6,"minecraft:horse_spawn_egg":2,"minecraft:polished_blackstone_bricks":26,"minecraft:white_wool":3,"minecraft:dark_oak_trapdoor":15,"minecraft:diamond_block":2,"minecraft:crafting_table":1,"minecraft:loom":2,"minecraft:yellow_concrete":1,"minecraft:campfire":2,"minecraft:stone_brick_wall":11,"minecraft:note_block":1,"minecraft:painting":14,"minecraft:warped_planks":4,"minecraft:cake":8,"minecraft:spruce_log":63,"minecraft:black_terracotta":5,"minecraft:redstone_torch":3,"minecraft:oak_log":73,"minecraft:sticky_piston":3,"minecraft:wooden_hoe":2,"minecraft:lever":6,"minecraft:flower_pot":2,"minecraft:cornflower":5,"minecraft:oxeye_daisy":3,"minecraft:diamond_shovel":2,"minecraft:command_block":7,"minecraft:birch_slab":1,"minecraft:music_disc_mall":1,"minecraft:string":6,"minecraft:oak_button":4,"minecraft:stone_slab":11,"minecraft:spruce_trapdoor":140,"minecraft:iron_door":2,"minecraft:lilac":1,"minecraft:crimson_nylium":5,"minecraft:soul_lantern":9,"minecraft:diamond_sword":11,"minecraft:wooden_sword":8,"minecraft:cobblestone":170,"minecraft:stripped_oak_wood":19,"minecraft:dark_oak_fence":1,"minecraft:warped_fence_gate":1,"minecraft:andesite":11,"minecraft:bucket":4,"minecraft:glass_pane":12,"minecraft:smooth_stone_slab":6,"minecraft:soul_torch":1,"minecraft:birch_stairs":10}},"DataVersion":2580}