{"stats":{"minecraft:mined":{"minecraft:grass_block":4,"minecraft:dirt":4},"minecraft:custom":{"minecraft:inspect_dropper":3,"minecraft:interact_with_anvil":7,"minecraft:mob_kills":2,"minecraft:fill_cauldron":3,"minecraft:interact_with_crafting_table":4,"minecraft:open_barrel":2,"minecraft:clean_banner":6,"minecraft:time_since_death":322377,"minecraft:leave_game":19,"minecraft:climb_one_cm":3580,"minecraft:sprint_one_cm":170883,"minecraft:walk_one_cm":438923,"minecraft:drop":83,"minecraft:sneak_time":16056,"minecraft:walk_under_water_one_cm":39634,"minecraft:interact_with_lectern":13,"minecraft:jump":937,"minecraft:walk_on_water_one_cm":5063,"minecraft:play_record":21,"minecraft:interact_with_cartography_table":1,"minecraft:play_one_minute":322377,"minecraft:interact_with_loom":10,"minecraft:pot_flower":2,"minecraft:time_since_rest":322377,"minecraft:open_enderchest":6,"minecraft:damage_taken":310,"minecraft:swim_one_cm":27610,"minecraft:fly_one_cm":1774782,"minecraft:open_chest":12,"minecraft:crouch_one_cm":45898,"minecraft:aviate_one_cm":1496646,"minecraft:fall_one_cm":894,"minecraft:inspect_dispenser":1,"minecraft:horse_one_cm":29502},"minecraft:picked_up":{"minecraft:music_disc_strad":2,"minecraft:leather_leggings":1,"minecraft:brown_mushroom":1,"minecraft:lead":15,"minecraft:elytra":1,"minecraft:orange_concrete":1,"minecraft:music_disc_cat":1,"minecraft:spruce_planks":1,"minecraft:beef":3,"minecraft:player_head":66,"minecraft:spruce_slab":1,"minecraft:music_disc_blocks":1,"minecraft:music_disc_mellohi":1,"minecraft:spruce_stairs":1,"minecraft:white_dye":65,"minecraft:music_disc_11":1,"minecraft:music_disc_pigstep":2,"minecraft:stone_pressure_plate":1,"minecraft:music_disc_ward":5,"minecraft:white_wool":1,"minecraft:cobblestone":1,"minecraft:leather_chestplate":1,"minecraft:feather":3,"minecraft:fox_spawn_egg":1,"minecraft:leather":2,"minecraft:music_disc_stal":1,"minecraft:filled_map":9,"minecraft:cobblestone_stairs":1,"minecraft:dirt":8,"minecraft:paper":4,"minecraft:orange_terracotta":1,"minecraft:birch_pressure_plate":1,"minecraft:leather_boots":2,"minecraft:red_carpet":1,"minecraft:bone":1,"minecraft:music_disc_far":1,"minecraft:music_disc_chirp":1,"minecraft:music_disc_13":1,"minecraft:sweet_berries":63,"minecraft:grass_block":1,"minecraft:spruce_log":1,"minecraft:leather_helmet":1,"minecraft:music_disc_mall":4,"minecraft:soul_lantern":1,"minecraft:writable_book":1,"minecraft:oak_button":2},"minecraft:used":{"minecraft:oak_fence":1,"minecraft:music_disc_far":1,"minecraft:writable_book":9,"minecraft:orange_concrete":1,"minecraft:armor_stand":23,"minecraft:spruce_slab":20,"minecraft:spruce_planks":220,"minecraft:ender_chest":2,"minecraft:bell":1,"minecraft:player_head":257,"minecraft:sandstone_wall":2,"minecraft:oak_door":4,"minecraft:spruce_leaves":5,"minecraft:birch_pressure_plate":3,"minecraft:anvil":7,"minecraft:white_carpet":17,"minecraft:spruce_stairs":128,"minecraft:stone_stairs":1,"minecraft:oak_wood":43,"minecraft:spruce_fence":1,"minecraft:music_disc_11":1,"minecraft:music_disc_13":1,"minecraft:music_disc_mellohi":1,"minecraft:netherite_shovel":18,"minecraft:bookshelf":4,"minecraft:music_disc_pigstep":1,"minecraft:red_wool":280,"minecraft:filled_map":6,"minecraft:lantern":11,"minecraft:grass_block":138,"minecraft:music_disc_ward":6,"minecraft:warped_fence":6,"minecraft:music_disc_chirp":1,"minecraft:netherite_hoe":17,"minecraft:smooth_quartz":9,"minecraft:music_disc_stal":1,"minecraft:item_frame":19,"minecraft:dolphin_spawn_egg":5,"minecraft:red_carpet":3,"minecraft:warped_stairs":2,"minecraft:snow":59,"minecraft:beef":7,"minecraft:hay_block":17,"minecraft:written_book":2,"minecraft:sweet_berries":14,"minecraft:wolf_spawn_egg":3,"minecraft:cyan_banner":1,"minecraft:stone_pressure_plate":2,"minecraft:stripped_spruce_wood":4,"minecraft:cobblestone_stairs":32,"minecraft:polished_andesite":2,"minecraft:lime_wool":4,"minecraft:birch_wood":2,"minecraft:fox_spawn_egg":3,"minecraft:cauldron":1,"minecraft:spruce_sign":12,"minecraft:smooth_quartz_stairs":8,"minecraft:orange_carpet":2,"minecraft:music_disc_cat":1,"minecraft:dark_prismarine_slab":19,"minecraft:crafting_table":3,"minecraft:loom":1,"minecraft:red_bed":1,"minecraft:acacia_leaves":5,"minecraft:white_bed":1,"minecraft:lingering_potion":4,"minecraft:stone_brick_wall":1,"minecraft:painting":33,"minecraft:spruce_log":59,"minecraft:music_disc_strad":2,"minecraft:dark_prismarine":1,"minecraft:flower_pot":2,"minecraft:firework_rocket":23,"minecraft:black_concrete":1,"minecraft:warped_trapdoor":6,"minecraft:lime_carpet":8,"minecraft:music_disc_mall":4,"minecraft:oak_button":3,"minecraft:warped_slab":20,"minecraft:spruce_pressure_plate":9,"minecraft:lectern":1,"minecraft:spruce_trapdoor":17,"minecraft:iron_door":2,"minecraft:music_disc_blocks":1,"minecraft:cat_spawn_egg":1,"minecraft:soul_lantern":3,"minecraft:stripped_warped_hyphae":7,"minecraft:cobblestone":94,"minecraft:white_banner":3,"minecraft:warped_fence_gate":2,"minecraft:andesite":2,"minecraft:chain":5,"minecraft:glass_pane":14,"minecraft:jukebox":3},"minecraft:crafted":{"minecraft:leather_boots":1,"minecraft:shield":1},"minecraft:dropped":{"minecraft:wolf_spawn_egg":1,"minecraft:brown_mushroom":1,"minecraft:oak_fence":1,"minecraft:cobblestone":2,"minecraft:cookie":1,"minecraft:feather":3,"minecraft:dark_prismarine_slab":1,"minecraft:red_wool":1,"minecraft:music_disc_pigstep":1,"minecraft:spruce_stairs":3,"minecraft:elytra":3,"minecraft:grass_block":2,"minecraft:leather_helmet":1,"minecraft:red_carpet":1,"minecraft:cobblestone_stairs":2,"minecraft:dirt":8,"minecraft:iron_door":1,"minecraft:white_banner":1,"minecraft:paper":1,"minecraft:bone":1,"minecraft:anvil":1,"minecraft:sweet_berries":2,"minecraft:brown_dye":1,"minecraft:player_head":8,"minecraft:jukebox":1,"minecraft:soul_lantern":2,"minecraft:orange_concrete":2,"minecraft:birch_pressure_plate":1,"minecraft:name_tag":1,"minecraft:spruce_fence":1,"minecraft:acacia_leaves":1,"minecraft:sandstone_wall":1,"minecraft:leather_chestplate":1,"minecraft:hay_block":1,"minecraft:oak_button":4,"minecraft:orange_terracotta":2,"minecraft:spruce_planks":2,"minecraft:oak_wood":2,"minecraft:fox_spawn_egg":1,"minecraft:leather_boots":2,"minecraft:cat_spawn_egg":1,"minecraft:leather_leggings":1,"minecraft:spruce_log":2,"minecraft:spruce_slab":2,"minecraft:beef":3,"minecraft:written_book":1,"minecraft:oak_leaves":1,"minecraft:firework_rocket":1},"minecraft:killed":{"minecraft:parrot":2}},"DataVersion":2586}