{"stats":{"minecraft:killed":{"minecraft:horse":1,"minecraft:skeleton":3,"minecraft:pig":9,"minecraft:sheep":8,"minecraft:trader_llama":1,"minecraft:zombie":2,"minecraft:cow":5},"minecraft:broken":{"minecraft:stone_hoe":1,"minecraft:wooden_pickaxe":1,"minecraft:stone_pickaxe":6,"minecraft:golden_axe":1,"minecraft:iron_axe":1,"minecraft:stone_axe":2,"minecraft:iron_pickaxe":6,"minecraft:stone_shovel":4},"minecraft:picked_up":{"minecraft:wooden_axe":1,"minecraft:charcoal":5,"minecraft:crafting_table":11,"minecraft:birch_door":9,"minecraft:azure_bluet":3,"minecraft:wheat":69,"minecraft:lead":2,"minecraft:oak_stairs":73,"minecraft:cornflower":6,"minecraft:string":2,"minecraft:iron_axe":2,"minecraft:smooth_stone_slab":13,"minecraft:iron_shovel":1,"minecraft:glass_pane":76,"minecraft:oak_sign":10,"minecraft:beetroot":1,"minecraft:smooth_stone":8,"minecraft:beef":16,"minecraft:rose_bush":1,"minecraft:phantom_membrane":1,"minecraft:poppy":9,"minecraft:iron_pickaxe":2,"minecraft:melon_slice":3,"minecraft:chest":8,"minecraft:birch_sapling":4,"minecraft:furnace":3,"minecraft:egg":1,"minecraft:stick":81,"minecraft:oak_door":13,"minecraft:composter":1,"minecraft:oak_fence":60,"minecraft:torch":244,"minecraft:porkchop":19,"minecraft:diorite":79,"minecraft:carrot":23,"minecraft:redstone":156,"minecraft:stone_sword":5,"minecraft:arrow":5,"minecraft:cactus":1,"minecraft:stone_shovel":1,"minecraft:rotten_flesh":10,"minecraft:beetroot_seeds":1,"minecraft:obsidian":4,"minecraft:mutton":13,"minecraft:birch_log":53,"minecraft:white_wool":9,"minecraft:cobblestone":2305,"minecraft:oxeye_daisy":7,"minecraft:magma_block":2,"minecraft:cooked_beef":11,"minecraft:birch_slab":14,"minecraft:andesite":207,"minecraft:brown_wool":1,"minecraft:leather":12,"minecraft:potato":11,"minecraft:birch_planks":73,"minecraft:oak_log":290,"minecraft:yellow_bed":3,"minecraft:acacia_boat":4,"minecraft:cobblestone_stairs":64,"minecraft:stripped_birch_log":1,"minecraft:dirt":1227,"minecraft:cooked_mutton":5,"minecraft:glass":12,"minecraft:bone":7,"minecraft:apple":4,"minecraft:stone_bricks":67,"minecraft:bow":5,"minecraft:wheat_seeds":404,"minecraft:bell":1,"minecraft:stone_pickaxe":6,"minecraft:iron_ingot":32,"minecraft:oak_fence_gate":1,"minecraft:iron_ore":47,"minecraft:stone_hoe":2,"minecraft:iron_sword":5,"minecraft:oak_planks":469,"minecraft:oak_slab":8,"minecraft:cooked_porkchop":9,"minecraft:dandelion":18,"minecraft:birch_stairs":32,"minecraft:sand":42,"minecraft:white_bed":11,"minecraft:gold_ore":6,"minecraft:spruce_door":1,"minecraft:diamond":2,"minecraft:stone_axe":2,"minecraft:crossbow":1,"minecraft:granite":42,"minecraft:bread":8,"minecraft:oak_sapling":37,"minecraft:coal":158,"minecraft:diamond_pickaxe":1},"minecraft:dropped":{"minecraft:water_bucket":2,"minecraft:iron_ingot":4,"minecraft:iron_sword":3,"minecraft:oak_slab":6,"minecraft:birch_planks":63,"minecraft:cooked_beef":2,"minecraft:crafting_table":2,"minecraft:cooked_porkchop":3,"minecraft:cobblestone":135,"minecraft:apple":2,"minecraft:coal":18,"minecraft:cobblestone_stairs":73,"minecraft:stick":9,"minecraft:emerald":1,"minecraft:dirt":94,"minecraft:torch":74,"minecraft:brown_wool":1,"minecraft:iron_pickaxe":1,"minecraft:birch_log":8,"minecraft:dandelion":3,"minecraft:oak_door":1,"minecraft:stone_sword":1,"minecraft:wheat":18,"minecraft:stone_shovel":2,"minecraft:oak_planks":415,"minecraft:white_bed":2,"minecraft:oak_sign":2,"minecraft:glass_pane":90,"minecraft:yellow_bed":1,"minecraft:oak_sapling":16,"minecraft:glass":12,"minecraft:gold_ore":6},"minecraft:custom":{"minecraft:mob_kills":29,"minecraft:interact_with_crafting_table":108,"minecraft:bell_ring":58,"minecraft:leave_game":4,"minecraft:climb_one_cm":326,"minecraft:time_since_death":16646,"minecraft:sprint_one_cm":991968,"minecraft:walk_one_cm":2373777,"minecraft:drop":62,"minecraft:talked_to_villager":2,"minecraft:sneak_time":11258,"minecraft:deaths":5,"minecraft:walk_under_water_one_cm":41920,"minecraft:boat_one_cm":288262,"minecraft:jump":6316,"minecraft:interact_with_blast_furnace":2,"minecraft:walk_on_water_one_cm":51304,"minecraft:interact_with_furnace":134,"minecraft:play_one_minute":497448,"minecraft:sleep_in_bed":23,"minecraft:time_since_rest":16750,"minecraft:damage_taken":3550,"minecraft:damage_dealt":6420,"minecraft:swim_one_cm":24833,"minecraft:player_kills":7,"minecraft:fly_one_cm":1296761,"minecraft:open_chest":713,"minecraft:crouch_one_cm":32528,"minecraft:interact_with_smoker":2,"minecraft:fall_one_cm":146761},"minecraft:used":{"minecraft:oak_fence":98,"minecraft:stone_sword":39,"minecraft:iron_shovel":21,"minecraft:stone_shovel":686,"minecraft:oak_sign":13,"minecraft:chest":34,"minecraft:iron_sword":61,"minecraft:bell":1,"minecraft:stone_hoe":131,"minecraft:oak_door":10,"minecraft:torch":55,"minecraft:dirt":369,"minecraft:carrot":8,"minecraft:oak_fence_gate":1,"minecraft:obsidian":1,"minecraft:iron_axe":152,"minecraft:oak_stairs":134,"minecraft:stone_bricks":130,"minecraft:bow":1,"minecraft:furnace":13,"minecraft:cooked_beef":8,"minecraft:potato":6,"minecraft:golden_axe":32,"minecraft:cooked_mutton":13,"minecraft:wheat_seeds":221,"minecraft:acacia_boat":3,"minecraft:water_bucket":23,"minecraft:diorite":4,"minecraft:iron_ore":9,"minecraft:cobblestone_stairs":90,"minecraft:stripped_birch_log":1,"minecraft:stone_pickaxe":696,"minecraft:oak_planks":170,"minecraft:cactus":1,"minecraft:wooden_pickaxe":60,"minecraft:oak_slab":104,"minecraft:crafting_table":15,"minecraft:white_bed":4,"minecraft:oak_log":28,"minecraft:diamond_pickaxe":218,"minecraft:apple":4,"minecraft:bread":27,"minecraft:melon_slice":3,"minecraft:iron_pickaxe":1518,"minecraft:stone_axe":299,"minecraft:cobblestone":647,"minecraft:porkchop":2,"minecraft:cooked_porkchop":5,"minecraft:bucket":27,"minecraft:glass_pane":28,"minecraft:smooth_stone_slab":6,"minecraft:yellow_bed":1},"minecraft:crafted":{"minecraft:oak_door":6,"minecraft:oak_planks":1060,"minecraft:stone_shovel":6,"minecraft:oak_sign":15,"minecraft:furnace":9,"minecraft:cobblestone_stairs":100,"minecraft:stone":121,"minecraft:bone_meal":12,"minecraft:cooked_mutton":1,"minecraft:glass_pane":80,"minecraft:glass":42,"minecraft:iron_boots":1,"minecraft:stone_pickaxe":2,"minecraft:chest":30,"minecraft:stone_hoe":1,"minecraft:stone_bricks":116,"minecraft:oak_fence":69,"minecraft:cooked_beef":13,"minecraft:golden_axe":1,"minecraft:oak_slab":114,"minecraft:cooked_porkchop":13,"minecraft:crafting_table":7,"minecraft:iron_helmet":1,"minecraft:wooden_pickaxe":1,"minecraft:birch_planks":72,"minecraft:bucket":2,"minecraft:oak_wood":3,"minecraft:stone_axe":1,"minecraft:bread":16,"minecraft:air":0,"minecraft:iron_chestplate":1,"minecraft:stick":140,"minecraft:iron_ingot":70,"minecraft:iron_pickaxe":7,"minecraft:oak_stairs":84,"minecraft:iron_leggings":1,"minecraft:torch":92},"minecraft:killed_by":{"minecraft:player":4,"minecraft:iron_golem":1},"minecraft:mined":{"minecraft:diamond_ore":2,"minecraft:white_bed":9,"minecraft:oak_sapling":2,"minecraft:farmland":15,"minecraft:cobblestone_stairs":4,"minecraft:obsidian":3,"minecraft:granite":39,"minecraft:grass_block":413,"minecraft:composter":1,"minecraft:oak_wall_sign":9,"minecraft:oxeye_daisy":5,"minecraft:smooth_stone":8,"minecraft:magma_block":2,"minecraft:redstone_ore":34,"minecraft:furnace":3,"minecraft:carrots":2,"minecraft:iron_ore":43,"minecraft:fire":1,"minecraft:andesite":160,"minecraft:azure_bluet":4,"minecraft:bell":1,"minecraft:potatoes":2,"minecraft:oak_sign":1,"minecraft:oak_stairs":15,"minecraft:stone":1839,"minecraft:dandelion":10,"minecraft:oak_fence":53,"minecraft:cornflower":6,"minecraft:crafting_table":11,"minecraft:torch":18,"minecraft:poppy":8,"minecraft:chest":8,"minecraft:cobblestone":146,"minecraft:oak_planks":75,"minecraft:diorite":55,"minecraft:wall_torch":51,"minecraft:birch_planks":3,"minecraft:cactus":1,"minecraft:birch_log":10,"minecraft:wheat":35,"minecraft:yellow_bed":2,"minecraft:grass_path":17,"minecraft:smooth_stone_slab":13,"minecraft:grass":920,"minecraft:oak_log":291,"minecraft:coal_ore":75,"minecraft:beetroots":1,"minecraft:oak_fence_gate":1,"minecraft:gravel":2,"minecraft:sand":42,"minecraft:dirt":462,"minecraft:stone_bricks":17,"minecraft:gold_ore":3,"minecraft:oak_leaves":48}},"DataVersion":1952}