{"stats":{"minecraft:custom":{"minecraft:jump":92,"minecraft:time_since_rest":2875,"minecraft:crouch_one_cm":40,"minecraft:play_one_minute":2875,"minecraft:leave_game":1,"minecraft:damage_taken":30,"minecraft:sprint_one_cm":29385,"minecraft:walk_on_water_one_cm":141,"minecraft:time_since_death":2875,"minecraft:walk_one_cm":4264,"minecraft:sneak_time":3,"minecraft:walk_under_water_one_cm":158,"minecraft:swim_one_cm":836,"minecraft:fall_one_cm":2032,"minecraft:fly_one_cm":21189}},"DataVersion":1952}