{"stats":{"minecraft:crafted":{"minecraft:oak_planks":20},"minecraft:custom":{"minecraft:jump":40,"minecraft:leave_game":2,"minecraft:time_since_rest":16423,"minecraft:time_since_death":16338,"minecraft:play_one_minute":17548,"minecraft:crouch_one_cm":351,"minecraft:sprint_one_cm":13152,"minecraft:walk_one_cm":6530,"minecraft:deaths":1,"minecraft:sneak_time":597,"minecraft:fall_one_cm":753,"minecraft:fly_one_cm":5906,"minecraft:damage_taken":300},"minecraft:killed_by":{"minecraft:player":1},"minecraft:picked_up":{"minecraft:oak_log":7,"minecraft:dirt":5},"minecraft:mined":{"minecraft:grass":1,"minecraft:grass_block":5,"minecraft:oak_log":7},"minecraft:used":{"minecraft:dirt":3,"minecraft:oak_log":2}},"DataVersion":1952}