{"stats":{"minecraft:broken":{"minecraft:wooden_shovel":1,"minecraft:stone_pickaxe":5,"minecraft:stone_axe":1,"minecraft:iron_pickaxe":3},"minecraft:mined":{"minecraft:diamond_ore":10,"minecraft:white_bed":3,"minecraft:oak_sapling":9,"minecraft:cobblestone_stairs":15,"minecraft:granite":22,"minecraft:grass_block":116,"minecraft:oak_wall_sign":14,"minecraft:redstone_ore":30,"minecraft:furnace":1,"minecraft:carrots":1,"minecraft:iron_ore":80,"minecraft:andesite":47,"minecraft:red_tulip":1,"minecraft:oak_sign":2,"minecraft:stone":1260,"minecraft:white_wool":1,"minecraft:oak_slab":20,"minecraft:birch_stairs":2,"minecraft:glass_pane":11,"minecraft:dandelion":5,"minecraft:oak_fence":25,"minecraft:crafting_table":4,"minecraft:torch":7,"minecraft:chest":2,"minecraft:cobblestone":70,"minecraft:oak_planks":7,"minecraft:diorite":45,"minecraft:wall_torch":21,"minecraft:yellow_wool":2,"minecraft:wheat":139,"minecraft:yellow_bed":2,"minecraft:stone_brick_stairs":2,"minecraft:grass":602,"minecraft:oak_log":92,"minecraft:coal_ore":82,"minecraft:beetroots":1,"minecraft:gravel":10,"minecraft:sand":1,"minecraft:dirt":85,"minecraft:stone_bricks":11,"minecraft:gold_ore":7,"minecraft:oak_leaves":30},"minecraft:crafted":{"minecraft:oak_door":6,"minecraft:oak_planks":288,"minecraft:oak_sign":12,"minecraft:furnace":1,"minecraft:cobblestone_stairs":140,"minecraft:stone":125,"minecraft:cooked_mutton":4,"minecraft:glass_pane":176,"minecraft:glass":51,"minecraft:iron_boots":1,"minecraft:polished_diorite":12,"minecraft:stone_pickaxe":14,"minecraft:chest":3,"minecraft:stone_hoe":2,"minecraft:stone_bricks":108,"minecraft:oak_fence":21,"minecraft:cooked_beef":2,"minecraft:oak_slab":174,"minecraft:wooden_shovel":1,"minecraft:diamond_sword":1,"minecraft:cooked_porkchop":2,"minecraft:crafting_table":2,"minecraft:wooden_pickaxe":1,"minecraft:iron_helmet":1,"minecraft:iron_sword":4,"minecraft:bucket":1,"minecraft:stone_axe":1,"minecraft:bread":32,"minecraft:air":0,"minecraft:stone_brick_stairs":8,"minecraft:iron_chestplate":1,"minecraft:diamond_pickaxe":1,"minecraft:charcoal":10,"minecraft:stick":68,"minecraft:iron_ingot":60,"minecraft:iron_pickaxe":5,"minecraft:stone_sword":2,"minecraft:iron_leggings":1,"minecraft:gold_ingot":12,"minecraft:white_bed":1,"minecraft:torch":128},"minecraft:killed_by":{"minecraft:player":8,"minecraft:pillager":1,"minecraft:skeleton":2},"minecraft:used":{"minecraft:oak_fence":29,"minecraft:stone_sword":48,"minecraft:oak_sign":20,"minecraft:chest":5,"minecraft:iron_sword":21,"minecraft:wooden_shovel":66,"minecraft:grass":11,"minecraft:stone_hoe":68,"minecraft:oak_door":5,"minecraft:torch":121,"minecraft:dirt":79,"minecraft:carrot":4,"minecraft:granite":4,"minecraft:glass":2,"minecraft:wooden_axe":36,"minecraft:stone_brick_stairs":10,"minecraft:stone_bricks":73,"minecraft:oak_sapling":17,"minecraft:furnace":2,"minecraft:cooked_beef":2,"minecraft:wheat_seeds":217,"minecraft:cooked_mutton":3,"minecraft:water_bucket":30,"minecraft:cobblestone_stairs":98,"minecraft:stone_pickaxe":751,"minecraft:oak_planks":134,"minecraft:wooden_pickaxe":21,"minecraft:sand":1,"minecraft:oak_slab":192,"minecraft:crafting_table":8,"minecraft:white_bed":3,"minecraft:oak_log":28,"minecraft:diamond_pickaxe":6,"minecraft:apple":1,"minecraft:iron_pickaxe":931,"minecraft:bread":16,"minecraft:stone_axe":136,"minecraft:diamond_sword":8,"minecraft:cobblestone":354,"minecraft:white_banner":2,"minecraft:cooked_porkchop":3,"minecraft:andesite":37,"minecraft:bucket":29,"minecraft:glass_pane":87,"minecraft:yellow_bed":5},"minecraft:dropped":{"minecraft:iron_ingot":77,"minecraft:iron_sword":2,"minecraft:oak_log":9,"minecraft:cobblestone":64,"minecraft:stick":16,"minecraft:cobblestone_stairs":1,"minecraft:dirt":3,"minecraft:wooden_axe":1,"minecraft:iron_pickaxe":2,"minecraft:gold_ingot":2,"minecraft:stone_sword":1,"minecraft:birch_sapling":4,"minecraft:cooked_mutton":1,"minecraft:white_bed":1,"minecraft:diamond_sword":1,"minecraft:andesite":1,"minecraft:iron_ore":15,"minecraft:wooden_pickaxe":1,"minecraft:stone_pickaxe":2},"minecraft:killed":{"minecraft:cave_spider":1,"minecraft:skeleton":2,"minecraft:pig":1,"minecraft:sheep":2,"minecraft:pillager":3,"minecraft:villager":1,"minecraft:cow":1},"minecraft:custom":{"minecraft:mob_kills":13,"minecraft:interact_with_crafting_table":105,"minecraft:leave_game":4,"minecraft:time_since_death":35324,"minecraft:sprint_one_cm":600799,"minecraft:walk_one_cm":752088,"minecraft:drop":43,"minecraft:deaths":12,"minecraft:sneak_time":10181,"minecraft:walk_under_water_one_cm":87244,"minecraft:jump":2348,"minecraft:walk_on_water_one_cm":19561,"minecraft:interact_with_furnace":147,"minecraft:play_one_minute":253272,"minecraft:raid_trigger":1,"minecraft:sleep_in_bed":10,"minecraft:time_since_rest":35361,"minecraft:damage_taken":3914,"minecraft:damage_dealt":4033,"minecraft:player_kills":6,"minecraft:swim_one_cm":9055,"minecraft:fly_one_cm":385995,"minecraft:open_chest":152,"minecraft:crouch_one_cm":29688,"minecraft:fall_one_cm":52918},"minecraft:picked_up":{"minecraft:wooden_axe":3,"minecraft:charcoal":5,"minecraft:crafting_table":7,"minecraft:wheat":139,"minecraft:yellow_wool":2,"minecraft:diamond_sword":3,"minecraft:wooden_pickaxe":1,"minecraft:stone_brick_stairs":2,"minecraft:iron_shovel":3,"minecraft:glass_pane":61,"minecraft:oak_sign":20,"minecraft:beetroot":1,"minecraft:beef":2,"minecraft:wooden_shovel":1,"minecraft:iron_pickaxe":8,"minecraft:light_gray_wool":1,"minecraft:chest":2,"minecraft:birch_sapling":4,"minecraft:furnace":2,"minecraft:stick":51,"minecraft:stone":18,"minecraft:oak_door":2,"minecraft:oak_fence":35,"minecraft:torch":228,"minecraft:porkchop":3,"minecraft:diorite":65,"minecraft:carrot":4,"minecraft:redstone":193,"minecraft:stone_sword":3,"minecraft:arrow":3,"minecraft:beetroot_seeds":2,"minecraft:red_tulip":1,"minecraft:mutton":4,"minecraft:white_wool":6,"minecraft:cobblestone":2056,"minecraft:birch_log":6,"minecraft:cooked_beef":1,"minecraft:water_bucket":1,"minecraft:andesite":79,"minecraft:brown_wool":1,"minecraft:leather":2,"minecraft:birch_planks":3,"minecraft:oak_log":141,"minecraft:yellow_bed":4,"minecraft:cobblestone_stairs":82,"minecraft:dirt":272,"minecraft:white_banner":2,"minecraft:glass":27,"minecraft:bone":1,"minecraft:apple":4,"minecraft:stone_bricks":11,"minecraft:wheat_seeds":567,"minecraft:iron_ingot":109,"minecraft:stone_pickaxe":10,"minecraft:iron_ore":135,"minecraft:stone_hoe":2,"minecraft:iron_sword":3,"minecraft:oak_planks":290,"minecraft:oak_slab":23,"minecraft:cooked_porkchop":2,"minecraft:dandelion":5,"minecraft:gravel":14,"minecraft:birch_stairs":11,"minecraft:sand":108,"minecraft:white_bed":3,"minecraft:gold_ore":17,"minecraft:diamond":20,"minecraft:stone_axe":1,"minecraft:granite":37,"minecraft:bread":22,"minecraft:oak_sapling":49,"minecraft:coal":115,"minecraft:diamond_pickaxe":2}},"DataVersion":1952}