{"stats":{"minecraft:custom":{"minecraft:time_since_rest":26902,"minecraft:play_one_minute":26902,"minecraft:crouch_one_cm":5922,"minecraft:sprint_one_cm":15003,"minecraft:damage_taken":60,"minecraft:walk_one_cm":84141,"minecraft:sneak_time":2096,"minecraft:walk_under_water_one_cm":1047,"minecraft:drop":6,"minecraft:jump":71,"minecraft:leave_game":3,"minecraft:walk_on_water_one_cm":1080,"minecraft:time_since_death":26902,"minecraft:climb_one_cm":1498,"minecraft:fall_one_cm":1273,"minecraft:fly_one_cm":412477},"minecraft:used":{"minecraft:glass":11,"minecraft:dark_oak_planks":1,"minecraft:end_rod":9,"minecraft:written_book":1,"minecraft:birch_planks":1,"minecraft:grass_block":2,"minecraft:spruce_slab":23,"minecraft:spruce_stairs":79,"minecraft:spruce_planks":79,"minecraft:spruce_log":69},"minecraft:dropped":{"minecraft:leather_leggings":1,"minecraft:leather_chestplate":1,"minecraft:birch_planks":1,"minecraft:spruce_planks":1,"minecraft:leather_helmet":1,"minecraft:leather_boots":1},"minecraft:picked_up":{"minecraft:spruce_planks":1,"minecraft:birch_planks":1,"minecraft:written_book":2,"minecraft:smooth_quartz":47,"minecraft:mutton":1}},"DataVersion":2567}