{"stats":{"minecraft:custom":{"minecraft:inspect_dropper":1,"minecraft:mob_kills":30,"minecraft:inspect_hopper":1,"minecraft:interact_with_crafting_table":24,"minecraft:open_barrel":29,"minecraft:open_shulker_box":22,"minecraft:bell_ring":1436,"minecraft:leave_game":46,"minecraft:time_since_death":253560,"minecraft:climb_one_cm":27059,"minecraft:sprint_one_cm":1239835,"minecraft:walk_one_cm":1351988,"minecraft:drop":112,"minecraft:talked_to_villager":2,"minecraft:deaths":7,"minecraft:sneak_time":37525,"minecraft:walk_under_water_one_cm":28259,"minecraft:boat_one_cm":37024,"minecraft:interact_with_lectern":2,"minecraft:jump":6955,"minecraft:interact_with_blast_furnace":1,"minecraft:walk_on_water_one_cm":29184,"minecraft:interact_with_furnace":14,"minecraft:play_record":1,"minecraft:play_one_minute":794418,"minecraft:interact_with_loom":2,"minecraft:sleep_in_bed":2,"minecraft:time_since_rest":253599,"minecraft:open_enderchest":1,"minecraft:damage_taken":3969,"minecraft:minecart_one_cm":9379,"minecraft:damage_dealt":3527,"minecraft:swim_one_cm":43953,"minecraft:fly_one_cm":7501321,"minecraft:player_kills":3,"minecraft:open_chest":82,"minecraft:crouch_one_cm":58562,"minecraft:aviate_one_cm":1415944,"minecraft:interact_with_smoker":2,"minecraft:fall_one_cm":65502,"minecraft:horse_one_cm":266},"minecraft:dropped":{"minecraft:gold_ore":2,"minecraft:iron_ingot":19,"minecraft:bread":32,"minecraft:iron_sword":2,"minecraft:wheat_seeds":4,"minecraft:lapis_lazuli":12,"minecraft:oak_log":47,"minecraft:diamond":3,"minecraft:crafting_table":1,"minecraft:crossbow":1,"minecraft:cobblestone":35,"minecraft:leather":17,"minecraft:granite":6,"minecraft:grass_block":1,"minecraft:coal":61,"minecraft:leather_helmet":2,"minecraft:stick":3,"minecraft:dirt":10,"minecraft:torch":55,"minecraft:sunflower":1,"minecraft:iron_axe":2,"minecraft:iron_pickaxe":4,"minecraft:iron_shovel":1,"minecraft:paper":2,"minecraft:gold_ingot":140,"minecraft:redstone":47,"minecraft:diamond_hoe":1,"minecraft:wheat":1,"minecraft:oak_planks":1,"minecraft:carrot":12,"minecraft:flint_and_steel":2,"minecraft:diamond_sword":1,"minecraft:leather_chestplate":2,"minecraft:spruce_planks":2,"minecraft:diamond_pickaxe":1,"minecraft:leather_boots":2,"minecraft:golden_sword":1,"minecraft:leather_leggings":2,"minecraft:spruce_slab":1,"minecraft:iron_ore":40,"minecraft:arrow":2,"minecraft:stone_pickaxe":2},"minecraft:killed":{"minecraft:horse":1,"minecraft:skeleton":4,"minecraft:creeper":1,"minecraft:zombie":24},"minecraft:picked_up":{"minecraft:crafting_table":1,"minecraft:music_disc_strad":1,"minecraft:wheat":6,"minecraft:redstone_block":1,"minecraft:ladder":1,"minecraft:leather_leggings":1,"minecraft:lead":1,"minecraft:diamond_sword":3,"minecraft:potion":1,"minecraft:golden_sword":1,"minecraft:iron_axe":1,"minecraft:flint_and_steel":4,"minecraft:iron_shovel":1,"minecraft:activator_rail":1,"minecraft:spruce_planks":3,"minecraft:written_book":1,"minecraft:iron_pickaxe":4,"minecraft:furnace":1,"minecraft:egg":3,"minecraft:stick":16,"minecraft:torch":116,"minecraft:diorite":78,"minecraft:carrot":78,"minecraft:redstone":48,"minecraft:stone_sword":2,"minecraft:arrow":36,"minecraft:rotten_flesh":32,"minecraft:cooked_cod":1,"minecraft:diamond_boots":1,"minecraft:brown_shulker_box":1,"minecraft:gold_ingot":186,"minecraft:cobblestone":587,"minecraft:leather_chestplate":1,"minecraft:cooked_beef":1,"minecraft:andesite":25,"minecraft:leather":37,"minecraft:potato":1,"minecraft:filled_map":1,"minecraft:flint":5,"minecraft:oak_log":64,"minecraft:lapis_lazuli":12,"minecraft:paper":3,"minecraft:dirt":38,"minecraft:leather_boots":1,"minecraft:bone":8,"minecraft:bow":1,"minecraft:wheat_seeds":27,"minecraft:iron_ingot":29,"minecraft:stone_pickaxe":2,"minecraft:cooked_chicken":5,"minecraft:iron_ore":125,"minecraft:iron_sword":2,"minecraft:oak_planks":7,"minecraft:cooked_porkchop":7,"minecraft:gravel":6,"minecraft:light_blue_shulker_box":4,"minecraft:ink_sac":1,"minecraft:spruce_log":3,"minecraft:gold_ore":2,"minecraft:leather_helmet":1,"minecraft:diamond":11,"minecraft:granite":24,"minecraft:crossbow":2,"minecraft:bread":67,"minecraft:coal":254,"minecraft:sunflower":1},"minecraft:broken":{"minecraft:stone_pickaxe":2,"minecraft:iron_pickaxe":1},"minecraft:killed_by":{"minecraft:player":1},"minecraft:mined":{"minecraft:diamond_ore":4,"minecraft:granite":18,"minecraft:grass_block":1,"minecraft:furnace":1,"minecraft:iron_ore":54,"minecraft:andesite":25,"minecraft:stone":459,"minecraft:light_blue_shulker_box":3,"minecraft:red_bed":1,"minecraft:torch":1,"minecraft:oak_planks":1,"minecraft:diorite":40,"minecraft:wall_torch":1,"minecraft:blue_bed":1,"minecraft:light_blue_bed":2,"minecraft:spruce_log":3,"minecraft:grass":1,"minecraft:oak_log":1,"minecraft:coal_ore":109,"minecraft:gravel":7,"minecraft:dirt":8},"minecraft:used":{"minecraft:petrified_oak_slab":3,"minecraft:iron_bars":18,"minecraft:writable_book":4,"minecraft:stone_sword":20,"minecraft:flint_and_steel":1,"minecraft:orange_concrete":4,"minecraft:red_concrete":8,"minecraft:smooth_quartz_slab":4,"minecraft:armor_stand":2,"minecraft:spruce_slab":220,"minecraft:redstone":24,"minecraft:ladder":34,"minecraft:diamond_hoe":3,"minecraft:spruce_planks":304,"minecraft:chest":43,"minecraft:ender_chest":1,"minecraft:iron_sword":12,"minecraft:stone":23,"minecraft:zombie_spawn_egg":23,"minecraft:brown_shulker_box":2,"minecraft:farmland":3,"minecraft:cooked_chicken":9,"minecraft:torch":122,"minecraft:brewing_stand":1,"minecraft:dirt":37,"minecraft:anvil":2,"minecraft:spruce_stairs":269,"minecraft:carrot":3,"minecraft:oak_wood":89,"minecraft:pink_terracotta":5,"minecraft:spruce_fence":4,"minecraft:obsidian":14,"minecraft:stripped_spruce_log":1,"minecraft:milk_bucket":2,"minecraft:dark_oak_planks":9,"minecraft:stone_brick_slab":2,"minecraft:black_stained_glass_pane":40,"minecraft:spruce_wood":13,"minecraft:grass_block":62,"minecraft:oak_stairs":23,"minecraft:smooth_sandstone":36,"minecraft:polished_andesite_stairs":1,"minecraft:light_blue_bed":4,"minecraft:smooth_quartz":2,"minecraft:barrel":11,"minecraft:red_carpet":43,"minecraft:birch_trapdoor":2,"minecraft:glowstone":25,"minecraft:redstone_lamp":6,"minecraft:magenta_terracotta":1,"minecraft:emerald_block":10,"minecraft:written_book":1,"minecraft:cooked_cod":1,"minecraft:furnace":5,"minecraft:white_stained_glass_pane":5,"minecraft:gold_block":16,"minecraft:egg":16,"minecraft:potato":1,"minecraft:stripped_spruce_wood":62,"minecraft:wheat_seeds":4,"minecraft:dark_oak_stairs":39,"minecraft:diorite":2,"minecraft:end_rod":1,"minecraft:light_blue_shulker_box":4,"minecraft:cobblestone_stairs":1,"minecraft:spruce_door":4,"minecraft:sandstone_stairs":15,"minecraft:birch_planks":1,"minecraft:stone_pickaxe":259,"minecraft:polished_andesite":2,"minecraft:oak_planks":2,"minecraft:smooth_sandstone_slab":10,"minecraft:andesite_slab":1,"minecraft:sandstone":30,"minecraft:redstone_block":5,"minecraft:composter":1,"minecraft:spruce_fence_gate":2,"minecraft:oak_leaves":3,"minecraft:white_wool":2,"minecraft:mossy_cobblestone":1,"minecraft:diamond_block":25,"minecraft:sand":76,"minecraft:oak_slab":3,"minecraft:cut_sandstone_slab":1,"minecraft:crafting_table":3,"minecraft:crossbow":27,"minecraft:campfire":1,"minecraft:stone_brick_wall":4,"minecraft:painting":51,"minecraft:spruce_log":527,"minecraft:music_disc_strad":1,"minecraft:smoker":5,"minecraft:redstone_torch":13,"minecraft:wooden_hoe":1,"minecraft:diamond_pickaxe":3,"minecraft:black_concrete":34,"minecraft:firework_rocket":7,"minecraft:daylight_detector":7,"minecraft:command_block":7,"minecraft:bread":14,"minecraft:string":1,"minecraft:iron_pickaxe":469,"minecraft:stone_slab":1,"minecraft:spruce_trapdoor":21,"minecraft:oak_pressure_plate":4,"minecraft:gravel":13,"minecraft:diamond_sword":31,"minecraft:cobblestone":249,"minecraft:potion":2,"minecraft:stripped_oak_wood":5,"minecraft:cooked_porkchop":2,"minecraft:dark_oak_fence":13,"minecraft:andesite":11,"minecraft:sandstone_slab":5,"minecraft:glass_pane":47,"minecraft:smooth_stone_slab":2,"minecraft:chest_minecart":1,"minecraft:white_concrete":1,"minecraft:coarse_dirt":18,"minecraft:splash_potion":63,"minecraft:jukebox":2,"minecraft:diorite_slab":2},"minecraft:crafted":{"minecraft:oak_planks":68,"minecraft:leather_leggings":2,"minecraft:leather_boots":2,"minecraft:furnace":1,"minecraft:stone_pickaxe":2,"minecraft:crafting_table":1,"minecraft:spruce_planks":12,"minecraft:iron_sword":1,"minecraft:leather_helmet":3,"minecraft:air":0,"minecraft:stick":168,"minecraft:iron_ingot":52,"minecraft:leather_chestplate":2,"minecraft:iron_pickaxe":3,"minecraft:stone_sword":2,"minecraft:torch":64}},"DataVersion":2230}