{"stats":{"minecraft:killed":{"minecraft:spider":1,"minecraft:skeleton":19,"minecraft:chicken":1,"minecraft:silverfish":5,"minecraft:skeleton_horse":2,"minecraft:creeper":1,"minecraft:sheep":31,"minecraft:pillager":8,"minecraft:zombie":5,"minecraft:blaze":27,"minecraft:cow":32,"minecraft:phantom":1,"minecraft:horse":1,"minecraft:ravager":1,"minecraft:enderman":1},"minecraft:broken":{"minecraft:diamond_pickaxe":1,"minecraft:fishing_rod":1,"minecraft:iron_axe":2,"minecraft:iron_pickaxe":2},"minecraft:picked_up":{"minecraft:wooden_axe":1,"minecraft:wheat":796,"minecraft:nether_brick_fence":2,"minecraft:diamond_sword":3,"minecraft:oak_stairs":35,"minecraft:potion":3,"minecraft:enchanted_book":1,"minecraft:brewing_stand":1,"minecraft:string":5,"minecraft:oak_sign":43,"minecraft:diamond_leggings":1,"minecraft:spruce_planks":5,"minecraft:ender_eye":4,"minecraft:iron_pickaxe":2,"minecraft:melon_slice":53,"minecraft:furnace":18,"minecraft:iron_boots":1,"minecraft:stick":158,"minecraft:composter":2,"minecraft:oak_fence":13,"minecraft:torch":61,"minecraft:acacia_log":61,"minecraft:diorite":101,"minecraft:rotten_flesh":7,"minecraft:blaze_rod":20,"minecraft:obsidian":23,"minecraft:cod":2,"minecraft:blaze_powder":37,"minecraft:cobblestone":3111,"minecraft:birch_log":273,"minecraft:enchanting_table":2,"minecraft:feather":1,"minecraft:cooked_beef":14,"minecraft:iron_door":8,"minecraft:birch_slab":12,"minecraft:andesite":256,"minecraft:brown_wool":1,"minecraft:smoker":1,"minecraft:flint":21,"minecraft:lapis_lazuli":221,"minecraft:stripped_birch_log":1,"minecraft:dirt":670,"minecraft:bone":27,"minecraft:glass":12,"minecraft:bow":6,"minecraft:wheat_seeds":2316,"minecraft:bell":2,"minecraft:grindstone":2,"minecraft:glowstone_dust":105,"minecraft:diamond_helmet":1,"minecraft:mossy_stone_bricks":5,"minecraft:bamboo":17,"minecraft:oak_planks":524,"minecraft:sand":108,"minecraft:barrel":1,"minecraft:mossy_cobblestone":2,"minecraft:diamond":208,"minecraft:crossbow":2,"minecraft:granite":209,"minecraft:bone_meal":57,"minecraft:emerald":8,"minecraft:bread":88,"minecraft:oak_sapling":225,"minecraft:netherrack":93,"minecraft:diamond_pickaxe":4,"minecraft:crafting_table":6,"minecraft:azure_bluet":2,"minecraft:chicken":1,"minecraft:wooden_pickaxe":1,"minecraft:shield":1,"minecraft:cornflower":6,"minecraft:oak_trapdoor":3,"minecraft:iron_axe":1,"minecraft:wooden_sword":1,"minecraft:iron_shovel":1,"minecraft:birch_fence":1,"minecraft:glass_pane":20,"minecraft:cracked_stone_bricks":3,"minecraft:beef":63,"minecraft:oak_boat":3,"minecraft:observer":1,"minecraft:poppy":15,"minecraft:light_gray_wool":6,"minecraft:sugar_cane":62,"minecraft:chest":70,"minecraft:birch_sapling":31,"minecraft:phantom_membrane":3,"minecraft:stone":7,"minecraft:oak_door":8,"minecraft:redstone":775,"minecraft:arrow":29,"minecraft:diamond_chestplate":1,"minecraft:nether_bricks":34,"minecraft:shears":1,"minecraft:diamond_boots":1,"minecraft:saddle":1,"minecraft:mutton":48,"minecraft:white_wool":48,"minecraft:oxeye_daisy":7,"minecraft:stripped_oak_log":1,"minecraft:leather":54,"minecraft:filled_map":9,"minecraft:birch_planks":61,"minecraft:oak_log":691,"minecraft:yellow_bed":4,"minecraft:gunpowder":2,"minecraft:cobblestone_stairs":18,"minecraft:paper":74,"minecraft:white_banner":2,"minecraft:apple":13,"minecraft:stone_bricks":13,"minecraft:kelp":18,"minecraft:iron_ingot":13,"minecraft:stone_pickaxe":1,"minecraft:iron_ore":589,"minecraft:stripped_oak_wood":1,"minecraft:iron_sword":3,"minecraft:acacia_sapling":5,"minecraft:book":21,"minecraft:oak_slab":24,"minecraft:pumpkin":4,"minecraft:quartz":33,"minecraft:gravel":178,"minecraft:birch_stairs":5,"minecraft:blast_furnace":2,"minecraft:white_bed":11,"minecraft:gold_ore":89,"minecraft:spider_eye":3,"minecraft:diamond_shovel":1,"minecraft:stone_axe":1,"minecraft:diamond_axe":2,"minecraft:birch_sign":10,"minecraft:gray_wool":3,"minecraft:black_wool":3,"minecraft:coal":648,"minecraft:hopper":31,"minecraft:ender_pearl":2},"minecraft:dropped":{"minecraft:iron_sword":2,"minecraft:birch_planks":6,"minecraft:diamond_axe":2,"minecraft:cooked_beef":12,"minecraft:oak_log":64,"minecraft:diamond":9,"minecraft:crossbow":1,"minecraft:birch_slab":39,"minecraft:dirt":9,"minecraft:phantom_membrane":2,"minecraft:sand":1,"minecraft:iron_pickaxe":1,"minecraft:birch_log":16,"minecraft:birch_stairs":32,"minecraft:oak_door":1,"minecraft:sugar_cane":1,"minecraft:wheat":19,"minecraft:rotten_flesh":1,"minecraft:oak_planks":3,"minecraft:cooked_mutton":4,"minecraft:white_bed":1,"minecraft:chest":3,"minecraft:iron_ore":52,"minecraft:enchanted_book":1,"minecraft:bread":75,"minecraft:oak_slab":42,"minecraft:wheat_seeds":33,"minecraft:iron_helmet":1,"minecraft:oak_fence":14,"minecraft:feather":1,"minecraft:cobblestone":61,"minecraft:book":19,"minecraft:granite":2,"minecraft:coal":40,"minecraft:golden_apple":1,"minecraft:oxeye_daisy":2,"minecraft:torch":4,"minecraft:iron_door":8,"minecraft:potion":2,"minecraft:iron_leggings":1,"minecraft:stripped_birch_log":1,"minecraft:oak_stairs":40,"minecraft:iron_axe":1,"minecraft:oak_trapdoor":1,"minecraft:iron_boots":1,"minecraft:stripped_oak_log":1,"minecraft:oak_sign":3,"minecraft:shears":1,"minecraft:filled_map":1,"minecraft:diamond_sword":1,"minecraft:shield":1,"minecraft:spruce_planks":4,"minecraft:diamond_pickaxe":1,"minecraft:iron_chestplate":1,"minecraft:oak_sapling":8,"minecraft:birch_sign":1,"minecraft:bow":1},"minecraft:custom":{"minecraft:animals_bred":61,"minecraft:interact_with_crafting_table":267,"minecraft:open_barrel":17,"minecraft:leave_game":17,"minecraft:time_since_death":0,"minecraft:sprint_one_cm":3728193,"minecraft:damage_blocked_by_shield":56,"minecraft:drop":92,"minecraft:deaths":7,"minecraft:jump":11504,"minecraft:interact_with_brewingstand":8,"minecraft:walk_on_water_one_cm":110747,"minecraft:enchant_item":8,"minecraft:interact_with_furnace":111,"minecraft:play_one_minute":1262904,"minecraft:sleep_in_bed":37,"minecraft:damage_dealt":18389,"minecraft:player_kills":2,"minecraft:crouch_one_cm":63300,"minecraft:interact_with_smoker":10,"minecraft:horse_one_cm":1759171,"minecraft:mob_kills":136,"minecraft:inspect_hopper":181,"minecraft:climb_one_cm":40,"minecraft:walk_one_cm":3115129,"minecraft:sneak_time":21386,"minecraft:walk_under_water_one_cm":38336,"minecraft:boat_one_cm":124303,"minecraft:interact_with_blast_furnace":31,"minecraft:tune_noteblock":21701,"minecraft:time_since_rest":10635,"minecraft:damage_absorbed":36,"minecraft:damage_taken":7464,"minecraft:swim_one_cm":99224,"minecraft:fly_one_cm":2094384,"minecraft:open_chest":1041,"minecraft:fish_caught":92,"minecraft:fall_one_cm":280988},"minecraft:used":{"minecraft:iron_shovel":238,"minecraft:oak_sign":42,"minecraft:chest":97,"minecraft:iron_sword":31,"minecraft:mutton":1,"minecraft:acacia_sapling":1,"minecraft:azure_bluet":2,"minecraft:obsidian":16,"minecraft:glass":1,"minecraft:birch_sapling":31,"minecraft:item_frame":8,"minecraft:repeater":2,"minecraft:bow":10,"minecraft:oak_sapling":213,"minecraft:furnace":21,"minecraft:diorite":6,"minecraft:stone_pickaxe":104,"minecraft:oak_planks":383,"minecraft:wooden_pickaxe":38,"minecraft:composter":3,"minecraft:sugar_cane":22,"minecraft:diamond_axe":1149,"minecraft:golden_apple":1,"minecraft:sand":13,"minecraft:blast_furnace":1,"minecraft:crossbow":1,"minecraft:note_block":1,"minecraft:birch_fence":25,"minecraft:redstone_torch":2,"minecraft:melon_slice":16,"minecraft:birch_slab":129,"minecraft:heavy_weighted_pressure_plate":1,"minecraft:bread":173,"minecraft:oak_pressure_plate":2,"minecraft:diamond_sword":353,"minecraft:wooden_sword":3,"minecraft:andesite":4,"minecraft:birch_log":4,"minecraft:oak_boat":4,"minecraft:oak_fence":137,"minecraft:oak_trapdoor":20,"minecraft:enchanting_table":3,"minecraft:flint_and_steel":49,"minecraft:redstone":27,"minecraft:cooked_salmon":3,"minecraft:cooked_chicken":1,"minecraft:netherrack":36,"minecraft:oak_door":13,"minecraft:torch":65,"minecraft:brewing_stand":2,"minecraft:dirt":375,"minecraft:white_carpet":3,"minecraft:hopper":64,"minecraft:granite":9,"minecraft:wooden_axe":26,"minecraft:bookshelf":14,"minecraft:iron_axe":616,"minecraft:oak_stairs":145,"minecraft:barrel":5,"minecraft:glowstone":5,"minecraft:iron_trapdoor":1,"minecraft:cooked_beef":5,"minecraft:observer":2,"minecraft:wheat_seeds":1073,"minecraft:cooked_mutton":18,"minecraft:water_bucket":4,"minecraft:cobblestone_stairs":9,"minecraft:birch_planks":263,"minecraft:glass_bottle":30,"minecraft:baked_potato":4,"minecraft:gold_ore":1,"minecraft:comparator":2,"minecraft:oak_slab":272,"minecraft:crafting_table":8,"minecraft:birch_sign":1,"minecraft:white_bed":11,"minecraft:smoker":1,"minecraft:oak_log":101,"minecraft:piston":14,"minecraft:ender_eye":6,"minecraft:diamond_pickaxe":4220,"minecraft:apple":5,"minecraft:oxeye_daisy":1,"minecraft:diamond_shovel":173,"minecraft:iron_pickaxe":705,"minecraft:map":3,"minecraft:stone_axe":62,"minecraft:fishing_rod":281,"minecraft:cobblestone":443,"minecraft:white_banner":1,"minecraft:bucket":4,"minecraft:glass_pane":142,"minecraft:yellow_bed":4,"minecraft:birch_stairs":57},"minecraft:crafted":{"minecraft:oak_planks":1084,"minecraft:barrel":4,"minecraft:oak_sign":33,"minecraft:blaze_powder":38,"minecraft:oak_pressure_plate":2,"minecraft:cooked_chicken":1,"minecraft:birch_slab":156,"minecraft:stone":21,"minecraft:diamond_shovel":1,"minecraft:bookshelf":14,"minecraft:heavy_weighted_pressure_plate":1,"minecraft:cooked_mutton":33,"minecraft:glass":48,"minecraft:hopper":36,"minecraft:diamond_helmet":2,"minecraft:repeater":2,"minecraft:diamond_leggings":2,"minecraft:iron_boots":1,"minecraft:comparator":2,"minecraft:chest":66,"minecraft:ender_eye":3,"minecraft:oak_fence":147,"minecraft:smoker":1,"minecraft:glass_bottle":30,"minecraft:item_frame":8,"minecraft:oak_slab":300,"minecraft:diamond_axe":2,"minecraft:map":7,"minecraft:crafting_table":4,"minecraft:iron_helmet":1,"minecraft:baked_potato":7,"minecraft:wooden_pickaxe":1,"minecraft:clock":1,"minecraft:birch_planks":760,"minecraft:brewing_stand":1,"minecraft:iron_chestplate":1,"minecraft:book":44,"minecraft:paper":144,"minecraft:diamond_pickaxe":4,"minecraft:shield":1,"minecraft:birch_fence":24,"minecraft:stick":172,"minecraft:iron_ingot":215,"minecraft:compass":7,"minecraft:iron_pickaxe":5,"minecraft:redstone_torch":12,"minecraft:composter":2,"minecraft:birch_stairs":84,"minecraft:wooden_sword":1,"minecraft:oak_door":9,"minecraft:fishing_rod":3,"minecraft:furnace":9,"minecraft:piston":14,"minecraft:white_carpet":3,"minecraft:oak_trapdoor":18,"minecraft:glass_pane":160,"minecraft:flint_and_steel":2,"minecraft:iron_axe":3,"minecraft:stone_pickaxe":2,"minecraft:diamond_boots":2,"minecraft:birch_sign":24,"minecraft:observer":1,"minecraft:cooked_beef":3,"minecraft:diamond_sword":3,"minecraft:iron_trapdoor":1,"minecraft:enchanting_table":1,"minecraft:iron_sword":1,"minecraft:cooked_salmon":1,"minecraft:bucket":1,"minecraft:stone_axe":1,"minecraft:glowstone":26,"minecraft:bread":197,"minecraft:air":0,"minecraft:oak_boat":2,"minecraft:golden_apple":5,"minecraft:oak_stairs":152,"minecraft:wooden_axe":1,"minecraft:iron_shovel":3,"minecraft:iron_leggings":1,"minecraft:white_bed":2,"minecraft:note_block":1,"minecraft:acacia_planks":244,"minecraft:torch":12,"minecraft:diamond_chestplate":2},"minecraft:killed_by":{"minecraft:player":1,"minecraft:iron_golem":1},"minecraft:mined":{"minecraft:white_bed":9,"minecraft:cobblestone_stairs":11,"minecraft:brewing_stand":1,"minecraft:obsidian":23,"minecraft:granite":182,"minecraft:acacia_log":61,"minecraft:grass_block":257,"minecraft:composter":2,"minecraft:hopper":31,"minecraft:oak_wall_sign":26,"minecraft:oxeye_daisy":3,"minecraft:spawner":1,"minecraft:glowstone":41,"minecraft:iron_ore":489,"minecraft:barrel":1,"minecraft:azure_bluet":1,"minecraft:enchanting_table":2,"minecraft:oak_sign":1,"minecraft:oak_stairs":34,"minecraft:birch_wall_sign":6,"minecraft:smoker":1,"minecraft:torch":30,"minecraft:poppy":2,"minecraft:melon":7,"minecraft:chest":69,"minecraft:dead_bush":1,"minecraft:glass":1,"minecraft:nether_quartz_ore":21,"minecraft:cobblestone":153,"minecraft:sugar_cane":12,"minecraft:oak_planks":444,"minecraft:wall_torch":22,"minecraft:birch_log":237,"minecraft:wheat":1077,"minecraft:stripped_oak_wood":1,"minecraft:grass":200,"minecraft:oak_log":689,"minecraft:sand":102,"minecraft:dirt":217,"minecraft:red_mushroom_block":1,"minecraft:netherrack":118,"minecraft:oak_leaves":153,"minecraft:diamond_ore":153,"minecraft:mossy_cobblestone":2,"minecraft:dark_oak_leaves":5,"minecraft:stripped_birch_log":1,"minecraft:nether_bricks":36,"minecraft:birch_slab":11,"minecraft:kelp":9,"minecraft:redstone_ore":135,"minecraft:oak_trapdoor":3,"minecraft:furnace":16,"minecraft:andesite":205,"minecraft:bell":2,"minecraft:nether_brick_fence":2,"minecraft:stripped_oak_log":1,"minecraft:bamboo":1,"minecraft:stone":2669,"minecraft:oak_slab":14,"minecraft:birch_stairs":5,"minecraft:acacia_leaves":11,"minecraft:glass_pane":82,"minecraft:infested_stone_bricks":10,"minecraft:lily_of_the_valley":1,"minecraft:observer":1,"minecraft:oak_fence":13,"minecraft:crafting_table":6,"minecraft:cornflower":3,"minecraft:lapis_ore":24,"minecraft:diorite":92,"minecraft:birch_planks":46,"minecraft:birch_leaves":18,"minecraft:yellow_bed":3,"minecraft:grass_path":5,"minecraft:coal_ore":521,"minecraft:gravel":115,"minecraft:cobweb":1,"minecraft:cracked_stone_bricks":3,"minecraft:birch_sign":3,"minecraft:stone_bricks":16,"minecraft:mossy_stone_bricks":6,"minecraft:gold_ore":66,"minecraft:birch_fence":1,"minecraft:fern":22}},"DataVersion":1952}