{"stats":{"minecraft:custom":{"minecraft:interact_with_furnace":1,"minecraft:mob_kills":8,"minecraft:interact_with_crafting_table":4,"minecraft:open_barrel":1,"minecraft:play_one_minute":86677,"minecraft:bell_ring":5,"minecraft:leave_game":4,"minecraft:time_since_death":61393,"minecraft:climb_one_cm":1648,"minecraft:time_since_rest":61403,"minecraft:sprint_one_cm":194046,"minecraft:open_enderchest":3,"minecraft:damage_taken":7371,"minecraft:walk_one_cm":184293,"minecraft:drop":9,"minecraft:damage_dealt":7545,"minecraft:swim_one_cm":13366,"minecraft:fly_one_cm":953868,"minecraft:player_kills":15,"minecraft:open_chest":18,"minecraft:crouch_one_cm":14993,"minecraft:deaths":5,"minecraft:sneak_time":6283,"minecraft:walk_under_water_one_cm":6303,"minecraft:jump":1180,"minecraft:walk_on_water_one_cm":10991,"minecraft:fall_one_cm":31498},"minecraft:used":{"minecraft:end_rod":3,"minecraft:iron_bars":22,"minecraft:spruce_door":3,"minecraft:polished_andesite":2,"minecraft:poppy":1,"minecraft:oak_sign":6,"minecraft:chest":1,"minecraft:wooden_pickaxe":8,"minecraft:oak_door":10,"minecraft:oak_leaves":12,"minecraft:white_wool":1,"minecraft:dirt":48,"minecraft:sand":8,"minecraft:oak_slab":18,"minecraft:crafting_table":3,"minecraft:spruce_stairs":63,"minecraft:carrot":4,"minecraft:crossbow":2,"minecraft:spruce_log":41,"minecraft:oak_log":25,"minecraft:glass":25,"minecraft:black_wool":1,"minecraft:red_tulip":1,"minecraft:grass_block":4,"minecraft:oak_stairs":56,"minecraft:wooden_sword":48,"minecraft:red_carpet":17,"minecraft:diamond_sword":291,"minecraft:cobblestone":78,"minecraft:bow":25,"minecraft:furnace":1,"minecraft:wither_rose":1,"minecraft:cobweb":131},"minecraft:crafted":{"minecraft:oak_planks":12,"minecraft:oak_sign":6,"minecraft:crafting_table":1,"minecraft:wooden_pickaxe":1,"minecraft:stick":4},"minecraft:mined":{"minecraft:red_carpet":10,"minecraft:crafting_table":1,"minecraft:grass_block":1,"minecraft:infested_cobblestone":4,"minecraft:campfire":1,"minecraft:spruce_leaves":1,"minecraft:carrots":4,"minecraft:oak_log":3,"minecraft:sand":8,"minecraft:dirt":47,"minecraft:cobweb":56,"minecraft:stone":4,"minecraft:fern":2},"minecraft:killed_by":{"minecraft:player":5},"minecraft:killed":{"minecraft:squid":4,"minecraft:sheep":2,"minecraft:chicken":2},"minecraft:dropped":{"minecraft:carrot":6,"minecraft:diamond_sword":1,"minecraft:wooden_axe":1,"minecraft:campfire":1},"minecraft:broken":{"minecraft:golden_helmet":1},"minecraft:picked_up":{"minecraft:charcoal":2,"minecraft:crafting_table":2,"minecraft:cooked_beef":1,"minecraft:feather":1,"minecraft:chicken":4,"minecraft:golden_leggings":1,"minecraft:diamond_sword":2,"minecraft:filled_map":2,"minecraft:oak_log":3,"minecraft:golden_boots":1,"minecraft:dirt":48,"minecraft:string":56,"minecraft:paper":127,"minecraft:wooden_sword":2,"minecraft:red_carpet":9,"minecraft:oak_sign":7,"minecraft:bow":1,"minecraft:diamond_leggings":2,"minecraft:cobweb":68,"minecraft:cobblestone_slab":1,"minecraft:observer":1,"minecraft:diamond_helmet":2,"minecraft:chest":1,"minecraft:oak_planks":55,"minecraft:furnace":1,"minecraft:golden_helmet":1,"minecraft:spruce_stairs":1,"minecraft:sand":8,"minecraft:ink_sac":11,"minecraft:carrot":18,"minecraft:spruce_log":1,"minecraft:spruce_door":1,"minecraft:golden_chestplate":1,"minecraft:arrow":26,"minecraft:diamond_chestplate":2,"minecraft:diamond_boots":2,"minecraft:crossbow":1,"minecraft:bread":6,"minecraft:black_wool":1,"minecraft:mutton":2,"minecraft:iron_bars":1,"minecraft:white_wool":1,"minecraft:cobblestone":6}},"DataVersion":2230}