{"stats":{"minecraft:mined":{"minecraft:oak_leaves":2,"minecraft:sand":1},"minecraft:custom":{"minecraft:jump":48,"minecraft:time_since_rest":1780,"minecraft:play_one_minute":1780,"minecraft:leave_game":1,"minecraft:walk_on_water_one_cm":3503,"minecraft:sprint_one_cm":6408,"minecraft:damage_taken":30,"minecraft:time_since_death":1780,"minecraft:walk_one_cm":2871,"minecraft:walk_under_water_one_cm":1250,"minecraft:swim_one_cm":1056,"minecraft:fall_one_cm":984,"minecraft:fly_one_cm":6862},"minecraft:picked_up":{"minecraft:sand":1}},"DataVersion":1952}