{"stats":{"minecraft:killed":{"minecraft:cave_spider":1,"minecraft:spider":4,"minecraft:phantom":1,"minecraft:skeleton":6,"minecraft:chicken":21,"minecraft:pig":16,"minecraft:bat":2,"minecraft:creeper":1,"minecraft:sheep":22,"minecraft:pillager":8,"minecraft:zombie":9,"minecraft:cow":4},"minecraft:broken":{"minecraft:stone_hoe":1,"minecraft:stone_pickaxe":7,"minecraft:iron_axe":1,"minecraft:stone_axe":5,"minecraft:stone_shovel":11},"minecraft:picked_up":{"minecraft:spruce_leaves":52,"minecraft:crafting_table":12,"minecraft:wheat":134,"minecraft:azure_bluet":10,"minecraft:chicken":21,"minecraft:oak_stairs":51,"minecraft:stone_brick_stairs":5,"minecraft:string":8,"minecraft:oak_trapdoor":1,"minecraft:iron_axe":1,"minecraft:white_carpet":1,"minecraft:iron_shovel":1,"minecraft:glass_pane":38,"minecraft:oak_sign":12,"minecraft:beetroot":24,"minecraft:bucket":2,"minecraft:beef":9,"minecraft:melon_slice":6,"minecraft:poppy":22,"minecraft:light_gray_wool":2,"minecraft:sugar_cane":12,"minecraft:chest":5,"minecraft:birch_sapling":24,"minecraft:furnace":3,"minecraft:egg":5,"minecraft:stick":27,"minecraft:stone":53,"minecraft:oak_door":6,"minecraft:oak_fence":23,"minecraft:torch":72,"minecraft:acacia_log":13,"minecraft:porkchop":37,"minecraft:diorite":7,"minecraft:carrot":93,"minecraft:redstone":64,"minecraft:arrow":9,"minecraft:cactus":4,"minecraft:stone_shovel":1,"minecraft:rotten_flesh":17,"minecraft:beetroot_seeds":70,"minecraft:obsidian":1,"minecraft:mutton":47,"minecraft:rail":1,"minecraft:white_wool":24,"minecraft:cobblestone":847,"minecraft:oxeye_daisy":23,"minecraft:birch_log":55,"minecraft:feather":33,"minecraft:birch_slab":28,"minecraft:water_bucket":3,"minecraft:andesite":39,"minecraft:brown_wool":1,"minecraft:leather":1,"minecraft:potato":96,"minecraft:birch_planks":1,"minecraft:oak_log":336,"minecraft:cobblestone_wall":2,"minecraft:cobblestone_stairs":19,"minecraft:lapis_lazuli":49,"minecraft:dirt":1245,"minecraft:white_banner":5,"minecraft:cooked_mutton":3,"minecraft:glass":11,"minecraft:bone":7,"minecraft:apple":6,"minecraft:stone_bricks":3,"minecraft:bow":1,"minecraft:wheat_seeds":526,"minecraft:iron_ingot":2,"minecraft:stone_pickaxe":3,"minecraft:iron_ore":98,"minecraft:stone_hoe":2,"minecraft:iron_sword":4,"minecraft:oak_planks":128,"minecraft:acacia_sapling":1,"minecraft:oak_slab":4,"minecraft:cooked_porkchop":3,"minecraft:dandelion":1,"minecraft:gravel":13,"minecraft:birch_stairs":260,"minecraft:sand":36,"minecraft:white_bed":6,"minecraft:spider_eye":1,"minecraft:diamond":5,"minecraft:stone_axe":1,"minecraft:iron_helmet":1,"minecraft:granite":39,"minecraft:birch_sign":1,"minecraft:gray_wool":1,"minecraft:oak_sapling":36,"minecraft:black_wool":1,"minecraft:coal":179},"minecraft:dropped":{"minecraft:stone_hoe":2,"minecraft:water_bucket":1,"minecraft:bread":6,"minecraft:iron_sword":4,"minecraft:wheat_seeds":69,"minecraft:crafting_table":1,"minecraft:cooked_porkchop":1,"minecraft:cobblestone":82,"minecraft:cobblestone_stairs":8,"minecraft:stick":4,"minecraft:dirt":32,"minecraft:torch":18,"minecraft:cornflower":1,"minecraft:oak_stairs":35,"minecraft:sand":1,"minecraft:iron_shovel":1,"minecraft:dandelion":4,"minecraft:gravel":3,"minecraft:stone_axe":3,"minecraft:sugar_cane":10,"minecraft:stone_shovel":2,"minecraft:wheat":32,"minecraft:rotten_flesh":7,"minecraft:oak_planks":168,"minecraft:cooked_mutton":1,"minecraft:oak_sign":4,"minecraft:glass_pane":38,"minecraft:carrot":19,"minecraft:poppy":9,"minecraft:potato":5,"minecraft:oak_sapling":2,"minecraft:spider_eye":1,"minecraft:arrow":7,"minecraft:stone_pickaxe":3},"minecraft:custom":{"minecraft:mob_kills":96,"minecraft:interact_with_crafting_table":111,"minecraft:bell_ring":1,"minecraft:leave_game":5,"minecraft:time_since_death":620027,"minecraft:sprint_one_cm":2255388,"minecraft:walk_one_cm":1612384,"minecraft:drop":119,"minecraft:talked_to_villager":5,"minecraft:sneak_time":83702,"minecraft:walk_under_water_one_cm":6492,"minecraft:jump":12663,"minecraft:walk_on_water_one_cm":64311,"minecraft:interact_with_furnace":263,"minecraft:play_one_minute":620027,"minecraft:raid_trigger":1,"minecraft:sleep_in_bed":24,"minecraft:time_since_rest":37999,"minecraft:damage_taken":3650,"minecraft:damage_dealt":12407,"minecraft:player_kills":2,"minecraft:swim_one_cm":32589,"minecraft:fly_one_cm":3287198,"minecraft:open_chest":445,"minecraft:crouch_one_cm":349065,"minecraft:fall_one_cm":299202,"minecraft:horse_one_cm":2707},"minecraft:used":{"minecraft:oak_fence":23,"minecraft:beetroot":6,"minecraft:stone_sword":128,"minecraft:iron_shovel":74,"minecraft:stone_shovel":1609,"minecraft:poppy":6,"minecraft:oak_sign":15,"minecraft:chest":8,"minecraft:iron_sword":133,"minecraft:cooked_chicken":20,"minecraft:stone_hoe":156,"minecraft:spruce_leaves":29,"minecraft:oak_door":3,"minecraft:torch":150,"minecraft:dirt":1117,"minecraft:white_carpet":1,"minecraft:cobblestone_wall":4,"minecraft:carrot":73,"minecraft:acacia_sapling":1,"minecraft:oak_fence_gate":1,"minecraft:obsidian":1,"minecraft:granite":1,"minecraft:azure_bluet":5,"minecraft:glass":23,"minecraft:wooden_axe":49,"minecraft:stone_brick_slab":16,"minecraft:iron_axe":44,"minecraft:oak_stairs":240,"minecraft:birch_sapling":22,"minecraft:stone_brick_stairs":53,"minecraft:melon_seeds":3,"minecraft:stone_bricks":116,"minecraft:oak_sapling":18,"minecraft:furnace":8,"minecraft:beetroot_seeds":26,"minecraft:egg":6,"minecraft:cooked_beef":7,"minecraft:potato":58,"minecraft:iron_ore":3,"minecraft:wheat_seeds":229,"minecraft:cooked_mutton":22,"minecraft:water_bucket":39,"minecraft:cobblestone_stairs":124,"minecraft:birch_planks":1,"minecraft:stone_pickaxe":963,"minecraft:baked_potato":8,"minecraft:oak_planks":561,"minecraft:cactus":4,"minecraft:wooden_pickaxe":52,"minecraft:sugar_cane":2,"minecraft:rail":1,"minecraft:sand":1,"minecraft:oak_slab":7,"minecraft:crafting_table":13,"minecraft:birch_sign":1,"minecraft:white_bed":11,"minecraft:oak_log":45,"minecraft:apple":6,"minecraft:oxeye_daisy":20,"minecraft:chicken":1,"minecraft:iron_pickaxe":5,"minecraft:birch_slab":35,"minecraft:bread":20,"minecraft:brown_wool":1,"minecraft:chiseled_stone_bricks":8,"minecraft:stone_axe":677,"minecraft:cobblestone":170,"minecraft:white_banner":5,"minecraft:cooked_porkchop":32,"minecraft:bucket":39,"minecraft:dandelion":1,"minecraft:birch_stairs":409},"minecraft:crafted":{"minecraft:oak_door":3,"minecraft:smooth_stone":25,"minecraft:oak_planks":1040,"minecraft:stone_shovel":12,"minecraft:oak_sign":12,"minecraft:cooked_chicken":20,"minecraft:furnace":4,"minecraft:cobblestone_stairs":148,"minecraft:stone":206,"minecraft:cooked_mutton":31,"minecraft:stone_stairs":28,"minecraft:glass":34,"minecraft:stone_brick_slab":36,"minecraft:iron_boots":1,"minecraft:iron_axe":1,"minecraft:melon_seeds":3,"minecraft:iron_hoe":1,"minecraft:stone_pickaxe":9,"minecraft:cobblestone_wall":6,"minecraft:chest":2,"minecraft:chiseled_stone_bricks":8,"minecraft:stone_hoe":2,"minecraft:stone_bricks":192,"minecraft:oak_fence":42,"minecraft:cooked_beef":9,"minecraft:oak_slab":6,"minecraft:cooked_porkchop":33,"minecraft:crafting_table":2,"minecraft:baked_potato":8,"minecraft:wooden_pickaxe":1,"minecraft:iron_helmet":1,"minecraft:iron_sword":1,"minecraft:bucket":2,"minecraft:birch_planks":220,"minecraft:stone_axe":10,"minecraft:bread":33,"minecraft:air":0,"minecraft:oak_fence_gate":1,"minecraft:stone_brick_stairs":52,"minecraft:iron_chestplate":1,"minecraft:stick":144,"minecraft:iron_ingot":95,"minecraft:iron_pickaxe":1,"minecraft:oak_stairs":232,"minecraft:wooden_axe":1,"minecraft:stone_sword":1,"minecraft:iron_shovel":1,"minecraft:iron_leggings":1,"minecraft:white_bed":2,"minecraft:acacia_planks":52,"minecraft:torch":100,"minecraft:birch_stairs":144},"minecraft:mined":{"minecraft:diamond_ore":5,"minecraft:white_bed":5,"minecraft:farmland":14,"minecraft:cobblestone_stairs":11,"minecraft:granite":38,"minecraft:acacia_log":15,"minecraft:grass_block":586,"minecraft:birch_slab":22,"minecraft:spruce_leaves":1,"minecraft:oxeye_daisy":21,"minecraft:oak_wall_sign":9,"minecraft:carrots":40,"minecraft:furnace":3,"minecraft:iron_ore":98,"minecraft:andesite":39,"minecraft:azure_bluet":10,"minecraft:potatoes":39,"minecraft:rail":1,"minecraft:oak_stairs":50,"minecraft:stone":590,"minecraft:white_banner":1,"minecraft:birch_stairs":173,"minecraft:oak_slab":2,"minecraft:acacia_leaves":1,"minecraft:glass_pane":1,"minecraft:dandelion":1,"minecraft:oak_fence":1,"minecraft:cornflower":1,"minecraft:crafting_table":9,"minecraft:torch":19,"minecraft:melon":1,"minecraft:poppy":22,"minecraft:chest":5,"minecraft:glass":1,"minecraft:cobblestone":29,"minecraft:lapis_ore":6,"minecraft:oak_planks":118,"minecraft:sugar_cane":2,"minecraft:wall_torch":14,"minecraft:diorite":7,"minecraft:birch_planks":1,"minecraft:cactus":6,"minecraft:birch_log":55,"minecraft:wheat":186,"minecraft:white_carpet":1,"minecraft:birch_leaves":8,"minecraft:stone_brick_stairs":5,"minecraft:white_wall_banner":2,"minecraft:grass_path":11,"minecraft:grass":475,"minecraft:oak_log":244,"minecraft:coal_ore":179,"minecraft:beetroots":26,"minecraft:birch_button":1,"minecraft:gravel":6,"minecraft:sand":35,"minecraft:dirt":258,"minecraft:cobweb":5,"minecraft:birch_sign":1,"minecraft:stone_bricks":3,"minecraft:oak_leaves":58}},"DataVersion":1952}