{"stats":{"minecraft:broken":{"minecraft:iron_pickaxe":1},"minecraft:mined":{"minecraft:diamond_ore":10,"minecraft:white_bed":2,"minecraft:oak_sapling":2,"minecraft:farmland":1,"minecraft:dark_oak_leaves":1,"minecraft:cobblestone_stairs":1,"minecraft:obsidian":3,"minecraft:granite":56,"minecraft:acacia_log":16,"minecraft:grass_block":58,"minecraft:composter":1,"minecraft:oak_wall_sign":10,"minecraft:spawner":1,"minecraft:redstone_ore":7,"minecraft:furnace":1,"minecraft:carrots":12,"minecraft:iron_ore":54,"minecraft:andesite":48,"minecraft:bell":3,"minecraft:potatoes":20,"minecraft:oak_sign":3,"minecraft:white_banner":1,"minecraft:stone":616,"minecraft:acacia_leaves":4,"minecraft:glass_pane":6,"minecraft:infested_stone_bricks":2,"minecraft:kelp_plant":7,"minecraft:oak_fence":4,"minecraft:crafting_table":1,"minecraft:torch":5,"minecraft:glass":1,"minecraft:cobblestone":26,"minecraft:sugar_cane":3,"minecraft:oak_planks":19,"minecraft:diorite":47,"minecraft:wall_torch":13,"minecraft:birch_sapling":1,"minecraft:cactus":1,"minecraft:wheat":86,"minecraft:white_carpet":1,"minecraft:grass_path":4,"minecraft:grass":59,"minecraft:oak_log":31,"minecraft:coal_ore":97,"minecraft:beetroots":2,"minecraft:sand":26,"minecraft:dirt":90,"minecraft:cracked_stone_bricks":1,"minecraft:stone_bricks":6,"minecraft:gold_ore":7,"minecraft:mossy_stone_bricks":3,"minecraft:oak_leaves":77,"minecraft:birch_fence":2},"minecraft:crafted":{"minecraft:wooden_sword":1,"minecraft:oak_door":3,"minecraft:oak_planks":124,"minecraft:oak_sign":9,"minecraft:furnace":1,"minecraft:cobblestone_stairs":4,"minecraft:cooked_mutton":7,"minecraft:glass":18,"minecraft:stone_pickaxe":2,"minecraft:chest":5,"minecraft:diamond_sword":2,"minecraft:crafting_table":4,"minecraft:wooden_pickaxe":1,"minecraft:baked_potato":5,"minecraft:iron_sword":1,"minecraft:bucket":4,"minecraft:bread":1,"minecraft:acacia_boat":1,"minecraft:oak_boat":2,"minecraft:wooden_hoe":2,"minecraft:diamond_pickaxe":2,"minecraft:stick":32,"minecraft:iron_ingot":31,"minecraft:iron_pickaxe":3,"minecraft:wooden_axe":2,"minecraft:stone_sword":1,"minecraft:acacia_planks":64,"minecraft:torch":132,"minecraft:shears":1},"minecraft:killed_by":{"minecraft:player":7,"minecraft:creeper":1,"minecraft:ravager":1,"minecraft:skeleton":1},"minecraft:used":{"minecraft:oak_fence":16,"minecraft:stone_sword":47,"minecraft:oak_sign":11,"minecraft:chest":5,"minecraft:iron_sword":76,"minecraft:bell":3,"minecraft:rotten_flesh":1,"minecraft:oak_door":2,"minecraft:mutton":9,"minecraft:torch":148,"minecraft:dirt":51,"minecraft:white_carpet":1,"minecraft:carrot":42,"minecraft:granite":2,"minecraft:glass":18,"minecraft:wooden_axe":51,"minecraft:birch_sapling":1,"minecraft:oak_sapling":4,"minecraft:furnace":2,"minecraft:potato":60,"minecraft:acacia_planks":15,"minecraft:wheat_seeds":88,"minecraft:cooked_mutton":2,"minecraft:water_bucket":21,"minecraft:acacia_boat":1,"minecraft:mossy_stone_bricks":2,"minecraft:cobblestone_stairs":13,"minecraft:birch_planks":1,"minecraft:stone_pickaxe":145,"minecraft:baked_potato":9,"minecraft:oak_planks":135,"minecraft:cactus":3,"minecraft:wooden_pickaxe":24,"minecraft:sugar_cane":3,"minecraft:oak_leaves":60,"minecraft:sand":8,"minecraft:crafting_table":5,"minecraft:white_bed":2,"minecraft:shears":60,"minecraft:birch_fence":2,"minecraft:wooden_hoe":31,"minecraft:diamond_pickaxe":529,"minecraft:apple":1,"minecraft:bread":1,"minecraft:iron_pickaxe":352,"minecraft:gravel":1,"minecraft:diamond_sword":10,"minecraft:wooden_sword":66,"minecraft:cobblestone":71,"minecraft:white_banner":2,"minecraft:porkchop":5,"minecraft:poisonous_potato":1,"minecraft:bucket":24,"minecraft:glass_pane":38,"minecraft:oak_boat":2},"minecraft:dropped":{"minecraft:stone_hoe":1,"minecraft:gold_ore":1,"minecraft:iron_ingot":3,"minecraft:wheat_seeds":7,"minecraft:diamond":2,"minecraft:cooked_porkchop":1,"minecraft:cobblestone":283,"minecraft:granite":29,"minecraft:cobblestone_stairs":44,"minecraft:stick":16,"minecraft:dirt":1,"minecraft:diorite":3,"minecraft:torch":72,"minecraft:iron_pickaxe":2,"minecraft:iron_shovel":1,"minecraft:gravel":1,"minecraft:stone_sword":1,"minecraft:wheat":1,"minecraft:obsidian":3,"minecraft:composter":1,"minecraft:oak_planks":1,"minecraft:oak_sign":1,"minecraft:diamond_sword":2,"minecraft:diamond_pickaxe":2,"minecraft:andesite":18,"minecraft:oak_sapling":8,"minecraft:stone_pickaxe":1},"minecraft:killed":{"minecraft:horse":1,"minecraft:pig":3,"minecraft:sheep":10},"minecraft:custom":{"minecraft:mob_kills":15,"minecraft:interact_with_crafting_table":41,"minecraft:bell_ring":26,"minecraft:leave_game":8,"minecraft:time_since_death":0,"minecraft:sprint_one_cm":920227,"minecraft:walk_one_cm":1467395,"minecraft:drop":146,"minecraft:deaths":14,"minecraft:sneak_time":17406,"minecraft:walk_under_water_one_cm":8675,"minecraft:boat_one_cm":347911,"minecraft:jump":4216,"minecraft:interact_with_blast_furnace":2,"minecraft:walk_on_water_one_cm":51029,"minecraft:interact_with_furnace":34,"minecraft:play_one_minute":497235,"minecraft:sleep_in_bed":24,"minecraft:time_since_rest":11,"minecraft:damage_taken":4595,"minecraft:damage_dealt":2557,"minecraft:player_kills":2,"minecraft:swim_one_cm":54365,"minecraft:fly_one_cm":609062,"minecraft:open_chest":127,"minecraft:crouch_one_cm":38591,"minecraft:fall_one_cm":82942,"minecraft:horse_one_cm":289847},"minecraft:picked_up":{"minecraft:crafting_table":1,"minecraft:iron_chestplate":2,"minecraft:wheat":57,"minecraft:diamond_sword":1,"minecraft:oak_stairs":39,"minecraft:cornflower":1,"minecraft:wooden_sword":1,"minecraft:iron_leggings":2,"minecraft:white_carpet":1,"minecraft:iron_shovel":1,"minecraft:birch_fence":2,"minecraft:glass_pane":38,"minecraft:oak_sign":21,"minecraft:beetroot":2,"minecraft:cracked_stone_bricks":1,"minecraft:iron_pickaxe":3,"minecraft:sugar_cane":11,"minecraft:chest":1,"minecraft:birch_sapling":10,"minecraft:furnace":1,"minecraft:iron_boots":2,"minecraft:stick":31,"minecraft:oak_door":1,"minecraft:composter":3,"minecraft:oak_fence":18,"minecraft:torch":169,"minecraft:acacia_log":16,"minecraft:porkchop":9,"minecraft:diorite":21,"minecraft:carrot":34,"minecraft:redstone":24,"minecraft:stone_sword":1,"minecraft:cactus":3,"minecraft:rotten_flesh":1,"minecraft:beetroot_seeds":4,"minecraft:shears":2,"minecraft:obsidian":3,"minecraft:mutton":15,"minecraft:white_wool":12,"minecraft:cobblestone":715,"minecraft:stripped_oak_log":1,"minecraft:birch_log":8,"minecraft:iron_door":5,"minecraft:birch_slab":39,"minecraft:andesite":46,"minecraft:brown_wool":2,"minecraft:leather":2,"minecraft:potato":56,"minecraft:birch_planks":7,"minecraft:oak_log":34,"minecraft:cobblestone_stairs":53,"minecraft:acacia_boat":1,"minecraft:dirt":152,"minecraft:white_banner":2,"minecraft:cooked_mutton":1,"minecraft:apple":1,"minecraft:stone_bricks":6,"minecraft:kelp":21,"minecraft:wheat_seeds":216,"minecraft:bell":3,"minecraft:iron_ingot":33,"minecraft:stone_pickaxe":2,"minecraft:iron_ore":48,"minecraft:mossy_stone_bricks":4,"minecraft:stone_hoe":1,"minecraft:iron_sword":3,"minecraft:oak_planks":235,"minecraft:oak_slab":42,"minecraft:cooked_porkchop":18,"minecraft:poisonous_potato":1,"minecraft:gravel":2,"minecraft:sand":26,"minecraft:white_bed":3,"minecraft:gold_ore":10,"minecraft:diamond":13,"minecraft:iron_helmet":2,"minecraft:granite":51,"minecraft:birch_sign":1,"minecraft:gray_wool":1,"minecraft:bread":1,"minecraft:baked_potato":8,"minecraft:oak_sapling":23,"minecraft:coal":128,"minecraft:oak_leaves":60,"minecraft:diamond_pickaxe":4,"minecraft:sunflower":2}},"DataVersion":1952}