{"stats":{"minecraft:crafted":{"minecraft:oak_planks":388,"minecraft:oak_sign":6,"minecraft:bookshelf":14,"minecraft:cooked_mutton":13,"minecraft:glass":27,"minecraft:iron_boots":2,"minecraft:melon_seeds":22,"minecraft:chest":6,"minecraft:stone_hoe":1,"minecraft:oak_fence":66,"minecraft:blue_stained_glass":8,"minecraft:wooden_shovel":1,"minecraft:cooked_porkchop":28,"minecraft:crafting_table":7,"minecraft:spruce_planks":80,"minecraft:iron_helmet":3,"minecraft:wooden_pickaxe":1,"minecraft:baked_potato":46,"minecraft:birch_planks":24,"minecraft:yellow_stained_glass":8,"minecraft:diamond_pickaxe":1,"minecraft:iron_chestplate":3,"minecraft:book":11,"minecraft:wooden_hoe":1,"minecraft:paper":90,"minecraft:charcoal":5,"minecraft:yellow_dye":4,"minecraft:shield":3,"minecraft:stick":200,"minecraft:iron_ingot":172,"minecraft:iron_pickaxe":4,"minecraft:iron_block":3,"minecraft:stone_sword":1,"minecraft:gold_ingot":15,"minecraft:composter":2,"minecraft:shears":1,"minecraft:wooden_sword":1,"minecraft:oak_door":3,"minecraft:stone_shovel":1,"minecraft:iron_nugget":82,"minecraft:furnace":2,"minecraft:jack_o_lantern":8,"minecraft:bone_meal":12,"minecraft:spruce_fence":12,"minecraft:oak_trapdoor":2,"minecraft:iron_axe":2,"minecraft:stone_pickaxe":16,"minecraft:jungle_fence":15,"minecraft:dark_oak_planks":8,"minecraft:cooked_beef":47,"minecraft:sugar":3,"minecraft:diamond_sword":1,"minecraft:iron_sword":4,"minecraft:bucket":1,"minecraft:stone_axe":1,"minecraft:glowstone":4,"minecraft:acacia_boat":1,"minecraft:bread":228,"minecraft:air":0,"minecraft:jungle_planks":52,"minecraft:blue_dye":7,"minecraft:oak_fence_gate":1,"minecraft:oak_boat":4,"minecraft:wooden_axe":1,"minecraft:iron_shovel":2,"minecraft:iron_leggings":3,"minecraft:anvil":1,"minecraft:white_bed":2,"minecraft:acacia_planks":72,"minecraft:torch":20},"minecraft:custom":{"minecraft:animals_bred":2,"minecraft:interact_with_crafting_table":134,"minecraft:open_barrel":26,"minecraft:bell_ring":93,"minecraft:leave_game":10,"minecraft:time_since_death":140894,"minecraft:sprint_one_cm":1388395,"minecraft:damage_blocked_by_shield":381,"minecraft:drop":72,"minecraft:play_noteblock":6,"minecraft:deaths":5,"minecraft:jump":8340,"minecraft:interact_with_brewingstand":2,"minecraft:walk_on_water_one_cm":94241,"minecraft:enchant_item":2,"minecraft:interact_with_furnace":154,"minecraft:play_one_minute":570249,"minecraft:sleep_in_bed":14,"minecraft:damage_dealt":18676,"minecraft:player_kills":1,"minecraft:crouch_one_cm":56609,"minecraft:interact_with_smoker":3,"minecraft:horse_one_cm":67267,"minecraft:mob_kills":136,"minecraft:inspect_hopper":4,"minecraft:climb_one_cm":3640,"minecraft:walk_one_cm":1721193,"minecraft:sneak_time":24076,"minecraft:walk_under_water_one_cm":34103,"minecraft:boat_one_cm":165148,"minecraft:interact_with_blast_furnace":3,"minecraft:tune_noteblock":11,"minecraft:time_since_rest":45097,"minecraft:damage_taken":4863,"minecraft:swim_one_cm":125973,"minecraft:fly_one_cm":1665256,"minecraft:open_chest":375,"minecraft:fall_one_cm":198330},"minecraft:killed_by":{"minecraft:blaze":2,"minecraft:player":1,"minecraft:skeleton":1},"minecraft:dropped":{"minecraft:gold_ore":1,"minecraft:iron_sword":1,"minecraft:porkchop":1,"minecraft:cooked_beef":19,"minecraft:baked_potato":10,"minecraft:ender_pearl":1,"minecraft:cooked_porkchop":17,"minecraft:leather":9,"minecraft:spruce_leaves":52,"minecraft:dirt":1,"minecraft:sugar":6,"minecraft:iron_pickaxe":2,"minecraft:white_wool":2,"minecraft:gravel":1,"minecraft:sugar_cane":41,"minecraft:wheat":28,"minecraft:rotten_flesh":1,"minecraft:carrot":5,"minecraft:iron_ore":30,"minecraft:beef":9,"minecraft:iron_ingot":1,"minecraft:bread":15,"minecraft:wheat_seeds":4,"minecraft:diamond_leggings":1,"minecraft:iron_helmet":1,"minecraft:book":1,"minecraft:coal":18,"minecraft:stick":63,"minecraft:diamond_helmet":1,"minecraft:iron_leggings":1,"minecraft:white_banner":3,"minecraft:iron_shovel":1,"minecraft:paper":67,"minecraft:blaze_rod":8,"minecraft:composter":1,"minecraft:iron_boots":1,"minecraft:ender_eye":2,"minecraft:diamond_sword":1,"minecraft:shield":1,"minecraft:diamond_chestplate":1,"minecraft:diamond_pickaxe":1,"minecraft:iron_chestplate":1,"minecraft:andesite":2,"minecraft:spruce_log":6,"minecraft:diamond_boots":1},"minecraft:broken":{"minecraft:wooden_shovel":1,"minecraft:stone_pickaxe":5,"minecraft:wooden_pickaxe":1,"minecraft:iron_pickaxe":1,"minecraft:wooden_hoe":1},"minecraft:picked_up":{"minecraft:wooden_axe":2,"minecraft:iron_chestplate":2,"minecraft:wheat":666,"minecraft:nether_brick_fence":1,"minecraft:anvil":1,"minecraft:diamond_sword":1,"minecraft:enchanted_book":1,"minecraft:string":5,"minecraft:iron_leggings":2,"minecraft:oak_sign":10,"minecraft:diamond_leggings":1,"minecraft:spruce_planks":4,"minecraft:ender_eye":3,"minecraft:wooden_shovel":1,"minecraft:iron_pickaxe":4,"minecraft:melon_slice":8,"minecraft:furnace":1,"minecraft:iron_boots":2,"minecraft:stick":50,"minecraft:composter":1,"minecraft:oak_fence":8,"minecraft:torch":25,"minecraft:acacia_log":20,"minecraft:porkchop":31,"minecraft:diorite":94,"minecraft:stone_sword":1,"minecraft:rotten_flesh":1,"minecraft:carved_pumpkin":8,"minecraft:blaze_rod":18,"minecraft:cobblestone":1572,"minecraft:birch_log":6,"minecraft:feather":8,"minecraft:cooked_beef":74,"minecraft:iron_door":5,"minecraft:andesite":77,"minecraft:jungle_log":13,"minecraft:brown_wool":1,"minecraft:potato":90,"minecraft:flint":5,"minecraft:acacia_boat":1,"minecraft:lapis_lazuli":183,"minecraft:dirt":378,"minecraft:bone":6,"minecraft:acacia_planks":39,"minecraft:bow":3,"minecraft:wheat_seeds":1937,"minecraft:bamboo":10,"minecraft:glowstone_dust":47,"minecraft:diamond_helmet":1,"minecraft:mossy_stone_bricks":1,"minecraft:oak_planks":21,"minecraft:cooked_porkchop":54,"minecraft:sand":151,"minecraft:dark_oak_log":2,"minecraft:sugar":3,"minecraft:diamond":23,"minecraft:granite":72,"minecraft:bone_meal":38,"minecraft:emerald":1,"minecraft:bread":143,"minecraft:jack_o_lantern":3,"minecraft:oak_sapling":10,"minecraft:netherrack":19,"minecraft:diamond_pickaxe":2,"minecraft:spruce_leaves":94,"minecraft:crafting_table":2,"minecraft:chicken":2,"minecraft:wooden_pickaxe":1,"minecraft:shield":1,"minecraft:cornflower":7,"minecraft:iron_axe":3,"minecraft:wooden_sword":2,"minecraft:white_carpet":1,"minecraft:iron_shovel":2,"minecraft:birch_fence":8,"minecraft:cracked_stone_bricks":5,"minecraft:beef":56,"minecraft:oak_boat":6,"minecraft:jungle_sapling":1,"minecraft:poppy":1,"minecraft:light_gray_wool":2,"minecraft:chest":3,"minecraft:sugar_cane":206,"minecraft:phantom_membrane":7,"minecraft:sandstone":12,"minecraft:oak_door":3,"minecraft:carrot":84,"minecraft:redstone":75,"minecraft:arrow":13,"minecraft:diamond_chestplate":1,"minecraft:nether_bricks":42,"minecraft:shears":1,"minecraft:diamond_boots":1,"minecraft:mutton":25,"minecraft:white_wool":18,"minecraft:leather":30,"minecraft:jungle_fence":1,"minecraft:red_mushroom":1,"minecraft:filled_map":1,"minecraft:oak_log":137,"minecraft:cobblestone_wall":1,"minecraft:cobblestone_stairs":3,"minecraft:wooden_hoe":2,"minecraft:white_banner":9,"minecraft:cooked_mutton":2,"minecraft:apple":2,"minecraft:stone_bricks":12,"minecraft:kelp":9,"minecraft:iron_ingot":44,"minecraft:stone_pickaxe":1,"minecraft:iron_ore":182,"minecraft:iron_sword":4,"minecraft:book":46,"minecraft:pumpkin":7,"minecraft:sweet_berries":96,"minecraft:quartz":18,"minecraft:gravel":35,"minecraft:spruce_sapling":5,"minecraft:spruce_log":30,"minecraft:gold_ore":16,"minecraft:pumpkin_seeds":32,"minecraft:iron_helmet":2,"minecraft:gray_wool":1,"minecraft:black_wool":1,"minecraft:coal":160,"minecraft:sunflower":3,"minecraft:ender_pearl":1},"minecraft:killed":{"minecraft:spider":2,"minecraft:skeleton":3,"minecraft:fox":2,"minecraft:chicken":2,"minecraft:silverfish":18,"minecraft:parrot":1,"minecraft:pig":15,"minecraft:creeper":2,"minecraft:sheep":15,"minecraft:pillager":7,"minecraft:blaze":19,"minecraft:cow":31,"minecraft:vindicator":1,"minecraft:phantom":10,"minecraft:horse":5,"minecraft:husk":1,"minecraft:enderman":1},"minecraft:mined":{"minecraft:cobblestone_stairs":3,"minecraft:jungle_leaves":47,"minecraft:carved_pumpkin":8,"minecraft:granite":61,"minecraft:acacia_log":20,"minecraft:grass_block":242,"minecraft:jungle_log":13,"minecraft:composter":1,"minecraft:oak_wall_sign":9,"minecraft:spawner":1,"minecraft:glowstone":2,"minecraft:iron_ore":179,"minecraft:pumpkin":7,"minecraft:anvil":1,"minecraft:kelp_plant":1,"minecraft:torch":1,"minecraft:poppy":1,"minecraft:melon":2,"minecraft:chest":3,"minecraft:dead_bush":1,"minecraft:glass":12,"minecraft:nether_quartz_ore":6,"minecraft:cobblestone":60,"minecraft:sugar_cane":58,"minecraft:oak_planks":15,"minecraft:wall_torch":6,"minecraft:birch_log":6,"minecraft:wheat":671,"minecraft:grass":392,"minecraft:infested_mossy_stone_bricks":2,"minecraft:oak_log":137,"minecraft:sand":149,"minecraft:dirt":107,"minecraft:red_mushroom_block":4,"minecraft:netherrack":7,"minecraft:oak_leaves":32,"minecraft:diamond_ore":20,"minecraft:dark_oak_leaves":7,"minecraft:dark_oak_log":2,"minecraft:jack_o_lantern":3,"minecraft:nether_bricks":16,"minecraft:spruce_leaves":222,"minecraft:kelp":2,"minecraft:sandstone":12,"minecraft:redstone_ore":17,"minecraft:furnace":1,"minecraft:carrots":21,"minecraft:andesite":65,"minecraft:nether_brick_fence":1,"minecraft:bookshelf":9,"minecraft:potatoes":24,"minecraft:vine":3,"minecraft:bamboo_sapling":2,"minecraft:bamboo":8,"minecraft:stone":999,"minecraft:infested_stone_bricks":8,"minecraft:oak_fence":8,"minecraft:crafting_table":2,"minecraft:cornflower":7,"minecraft:lapis_ore":26,"minecraft:diorite":88,"minecraft:cobblestone_wall":1,"minecraft:sweet_berry_bush":48,"minecraft:white_carpet":1,"minecraft:spruce_log":30,"minecraft:jungle_fence":1,"minecraft:white_wall_banner":3,"minecraft:coal_ore":107,"minecraft:gravel":40,"minecraft:cobweb":5,"minecraft:cracked_stone_bricks":5,"minecraft:acacia_planks":3,"minecraft:stone_bricks":11,"minecraft:mossy_stone_bricks":2,"minecraft:gold_ore":17,"minecraft:birch_fence":8,"minecraft:fern":8},"minecraft:used":{"minecraft:jack_o_lantern":11,"minecraft:iron_shovel":195,"minecraft:poppy":1,"minecraft:oak_sign":12,"minecraft:chest":9,"minecraft:iron_sword":367,"minecraft:spruce_leaves":42,"minecraft:mutton":5,"minecraft:blue_stained_glass":5,"minecraft:jungle_planks":27,"minecraft:carrot":53,"minecraft:milk_bucket":5,"minecraft:jungle_sapling":1,"minecraft:glass":12,"minecraft:lava_bucket":1,"minecraft:stone_bricks":12,"minecraft:bow":13,"minecraft:sweet_berries":65,"minecraft:furnace":3,"minecraft:potato":39,"minecraft:mossy_stone_bricks":1,"minecraft:diorite":12,"minecraft:stone_pickaxe":840,"minecraft:oak_planks":76,"minecraft:jungle_fence":15,"minecraft:wooden_pickaxe":59,"minecraft:composter":2,"minecraft:white_wool":2,"minecraft:sand":1,"minecraft:shears":94,"minecraft:birch_fence":8,"minecraft:bread":15,"minecraft:gravel":13,"minecraft:diamond_sword":58,"minecraft:wooden_sword":47,"minecraft:andesite":8,"minecraft:oak_boat":5,"minecraft:bone_meal":7,"minecraft:oak_fence":66,"minecraft:oak_trapdoor":2,"minecraft:acacia_log":2,"minecraft:stone_shovel":127,"minecraft:wooden_shovel":59,"minecraft:stone_hoe":76,"minecraft:netherrack":7,"minecraft:oak_door":3,"minecraft:torch":20,"minecraft:dirt":131,"minecraft:anvil":2,"minecraft:white_carpet":1,"minecraft:cobblestone_wall":1,"minecraft:granite":2,"minecraft:oak_fence_gate":1,"minecraft:wooden_axe":5,"minecraft:bookshelf":14,"minecraft:yellow_stained_glass":4,"minecraft:iron_axe":141,"minecraft:melon_seeds":22,"minecraft:barrel":1,"minecraft:bamboo":23,"minecraft:light_gray_wool":2,"minecraft:glowstone":4,"minecraft:cooked_beef":28,"minecraft:acacia_planks":6,"minecraft:pumpkin":8,"minecraft:wheat_seeds":814,"minecraft:cooked_mutton":13,"minecraft:acacia_boat":1,"minecraft:water_bucket":10,"minecraft:iron_ore":1,"minecraft:cobblestone_stairs":3,"minecraft:baked_potato":7,"minecraft:cracked_stone_bricks":5,"minecraft:crafting_table":8,"minecraft:white_bed":2,"minecraft:spruce_log":4,"minecraft:oak_log":35,"minecraft:black_wool":1,"minecraft:diamond_pickaxe":305,"minecraft:wooden_hoe":59,"minecraft:ender_eye":1,"minecraft:apple":2,"minecraft:sunflower":1,"minecraft:chicken":2,"minecraft:iron_pickaxe":554,"minecraft:suspicious_stew":1,"minecraft:spruce_sapling":5,"minecraft:stone_axe":114,"minecraft:cobblestone":564,"minecraft:porkchop":2,"minecraft:white_banner":5,"minecraft:cooked_porkchop":11,"minecraft:bucket":11}},"DataVersion":1952}