{"stats":{"minecraft:killed":{"minecraft:spider":2,"minecraft:horse":1,"minecraft:pig":2,"minecraft:sheep":5,"minecraft:pillager":1,"minecraft:villager":1,"minecraft:cow":1},"minecraft:broken":{"minecraft:stone_pickaxe":2,"minecraft:wooden_axe":1},"minecraft:picked_up":{"minecraft:crafting_table":3,"minecraft:wheat":22,"minecraft:wooden_pickaxe":2,"minecraft:oak_stairs":23,"minecraft:stone_brick_stairs":1,"minecraft:cornflower":1,"minecraft:string":4,"minecraft:iron_axe":1,"minecraft:glass_pane":38,"minecraft:beef":7,"minecraft:poppy":1,"minecraft:iron_pickaxe":2,"minecraft:light_gray_wool":2,"minecraft:birch_sapling":13,"minecraft:furnace":3,"minecraft:stick":8,"minecraft:oak_fence":28,"minecraft:torch":11,"minecraft:porkchop":6,"minecraft:diorite":23,"minecraft:carrot":1,"minecraft:redstone":61,"minecraft:stone_sword":1,"minecraft:arrow":1,"minecraft:rotten_flesh":4,"minecraft:stone_shovel":1,"minecraft:gold_ingot":2,"minecraft:mutton":7,"minecraft:white_wool":3,"minecraft:cobblestone":663,"minecraft:oxeye_daisy":8,"minecraft:birch_log":56,"minecraft:andesite":36,"minecraft:brown_wool":1,"minecraft:leather":5,"minecraft:potato":4,"minecraft:birch_planks":2,"minecraft:oak_log":74,"minecraft:yellow_bed":1,"minecraft:cobblestone_stairs":12,"minecraft:dirt":164,"minecraft:cooked_mutton":1,"minecraft:glass":11,"minecraft:stone_bricks":18,"minecraft:bow":1,"minecraft:wheat_seeds":251,"minecraft:iron_ingot":84,"minecraft:stone_pickaxe":10,"minecraft:iron_ore":100,"minecraft:stone_hoe":2,"minecraft:iron_sword":3,"minecraft:oak_planks":2,"minecraft:cooked_porkchop":3,"minecraft:gravel":13,"minecraft:sand":104,"minecraft:white_bed":5,"minecraft:gold_ore":2,"minecraft:diamond":20,"minecraft:granite":17,"minecraft:grass":11,"minecraft:bread":6,"minecraft:oak_sapling":5,"minecraft:coal":219},"minecraft:dropped":{"minecraft:stone_hoe":2,"minecraft:iron_ingot":108,"minecraft:iron_sword":2,"minecraft:birch_planks":4,"minecraft:wheat_seeds":137,"minecraft:oak_log":31,"minecraft:diamond":10,"minecraft:oak_fence":20,"minecraft:cobblestone":418,"minecraft:leather":4,"minecraft:granite":16,"minecraft:coal":47,"minecraft:stick":3,"minecraft:dirt":40,"minecraft:diorite":19,"minecraft:sand":107,"minecraft:iron_pickaxe":2,"minecraft:birch_log":12,"minecraft:white_wool":3,"minecraft:gravel":10,"minecraft:birch_sapling":4,"minecraft:wheat":4,"minecraft:stone_shovel":1,"minecraft:light_gray_wool":1,"minecraft:oak_planks":83,"minecraft:potato":2,"minecraft:stone":18,"minecraft:andesite":29,"minecraft:iron_ore":20,"minecraft:wooden_pickaxe":2,"minecraft:stone_pickaxe":8,"minecraft:glass":38},"minecraft:custom":{"minecraft:mob_kills":13,"minecraft:interact_with_crafting_table":26,"minecraft:leave_game":5,"minecraft:time_since_death":135,"minecraft:sprint_one_cm":481348,"minecraft:walk_one_cm":402294,"minecraft:drop":179,"minecraft:deaths":11,"minecraft:sneak_time":1572,"minecraft:walk_under_water_one_cm":3841,"minecraft:jump":2177,"minecraft:walk_on_water_one_cm":20365,"minecraft:interact_with_furnace":48,"minecraft:play_one_minute":188218,"minecraft:sleep_in_bed":12,"minecraft:time_since_rest":158,"minecraft:damage_taken":3605,"minecraft:damage_dealt":2320,"minecraft:fly_one_cm":411347,"minecraft:player_kills":2,"minecraft:open_chest":53,"minecraft:crouch_one_cm":3898,"minecraft:fall_one_cm":44759,"minecraft:horse_one_cm":53272},"minecraft:used":{"minecraft:oak_fence":41,"minecraft:stone_sword":99,"minecraft:oak_sign":1,"minecraft:chest":1,"minecraft:iron_sword":14,"minecraft:torch":89,"minecraft:dirt":15,"minecraft:mutton":4,"minecraft:carrot":1,"minecraft:granite":1,"minecraft:wooden_axe":64,"minecraft:iron_axe":87,"minecraft:birch_sapling":9,"minecraft:beef":4,"minecraft:oak_sapling":3,"minecraft:furnace":6,"minecraft:cooked_beef":4,"minecraft:potato":2,"minecraft:cooked_mutton":3,"minecraft:diorite":1,"minecraft:iron_ore":1,"minecraft:cobblestone_stairs":1,"minecraft:birch_planks":9,"minecraft:stone_pickaxe":370,"minecraft:oak_planks":3,"minecraft:wooden_pickaxe":53,"minecraft:crafting_table":5,"minecraft:white_bed":2,"minecraft:shears":11,"minecraft:oxeye_daisy":4,"minecraft:bread":9,"minecraft:iron_pickaxe":222,"minecraft:cobblestone":66,"minecraft:porkchop":1,"minecraft:cooked_porkchop":2,"minecraft:andesite":3,"minecraft:bone_meal":8},"minecraft:crafted":{"minecraft:oak_planks":148,"minecraft:oak_sign":3,"minecraft:furnace":5,"minecraft:stone":18,"minecraft:bone_meal":12,"minecraft:cooked_mutton":4,"minecraft:glass":16,"minecraft:iron_axe":1,"minecraft:stone_pickaxe":2,"minecraft:oak_fence":33,"minecraft:cooked_beef":4,"minecraft:crafting_table":3,"minecraft:wooden_pickaxe":2,"minecraft:birch_planks":32,"minecraft:bread":5,"minecraft:air":0,"minecraft:stick":112,"minecraft:iron_pickaxe":2,"minecraft:iron_ingot":61,"minecraft:wooden_axe":3,"minecraft:torch":132,"minecraft:shears":1},"minecraft:killed_by":{"minecraft:player":8},"minecraft:mined":{"minecraft:white_bed":4,"minecraft:mossy_cobblestone":1,"minecraft:granite":9,"minecraft:grass_block":18,"minecraft:oxeye_daisy":6,"minecraft:redstone_ore":9,"minecraft:furnace":2,"minecraft:iron_ore":83,"minecraft:andesite":23,"minecraft:stone":325,"minecraft:glass_pane":1,"minecraft:oak_fence":8,"minecraft:crafting_table":5,"minecraft:cornflower":1,"minecraft:torch":1,"minecraft:poppy":1,"minecraft:cobblestone":9,"minecraft:oak_planks":1,"minecraft:diorite":9,"minecraft:wall_torch":7,"minecraft:birch_sapling":6,"minecraft:birch_log":50,"minecraft:wheat":71,"minecraft:birch_leaves":4,"minecraft:grass_path":2,"minecraft:yellow_bed":3,"minecraft:stone_brick_stairs":1,"minecraft:grass":118,"minecraft:oak_log":66,"minecraft:coal_ore":128,"minecraft:gravel":4,"minecraft:sand":104,"minecraft:dirt":50,"minecraft:gold_ore":2,"minecraft:oak_leaves":19}},"DataVersion":1952}