{"stats":{"minecraft:broken":{"minecraft:stone_pickaxe":1,"minecraft:iron_shovel":1,"minecraft:wooden_shovel":3,"minecraft:stone_axe":4,"minecraft:stone_shovel":1},"minecraft:mined":{"minecraft:white_bed":1,"minecraft:glass_pane":1,"minecraft:dandelion":2,"minecraft:oak_fence":1,"minecraft:grass_block":279,"minecraft:chest":3,"minecraft:oak_planks":25,"minecraft:oak_wall_sign":7,"minecraft:wall_torch":1,"minecraft:yellow_wool":2,"minecraft:wheat":190,"minecraft:fire":1,"minecraft:grass":126,"minecraft:oak_log":496,"minecraft:coal_ore":51,"minecraft:oak_sign":2,"minecraft:oak_stairs":5,"minecraft:sand":98,"minecraft:dirt":113,"minecraft:stone":80,"minecraft:white_wool":6,"minecraft:oak_leaves":123},"minecraft:crafted":{"minecraft:oak_door":3,"minecraft:oak_planks":888,"minecraft:wooden_shovel":3,"minecraft:oak_sign":6,"minecraft:crafting_table":1,"minecraft:furnace":1,"minecraft:stone":1,"minecraft:stone_axe":3,"minecraft:bread":63,"minecraft:air":0,"minecraft:glass_pane":112,"minecraft:glass":42,"minecraft:oak_fence_gate":2,"minecraft:stick":28,"minecraft:stone_pickaxe":1,"minecraft:oak_stairs":64,"minecraft:chest":4,"minecraft:white_bed":1,"minecraft:torch":8,"minecraft:oak_fence":51},"minecraft:used":{"minecraft:oak_fence":52,"minecraft:wheat_seeds":187,"minecraft:iron_shovel":28,"minecraft:stone_shovel":162,"minecraft:stone_pickaxe":131,"minecraft:oak_planks":678,"minecraft:oak_sign":5,"minecraft:chest":7,"minecraft:wooden_shovel":180,"minecraft:oak_door":4,"minecraft:white_wool":2,"minecraft:torch":8,"minecraft:dirt":295,"minecraft:crafting_table":1,"minecraft:white_bed":2,"minecraft:oak_fence_gate":2,"minecraft:oak_log":275,"minecraft:apple":2,"minecraft:oak_stairs":66,"minecraft:bread":26,"minecraft:yellow_wool":1,"minecraft:stone_axe":486,"minecraft:cobblestone":10,"minecraft:furnace":1,"minecraft:glass_pane":103},"minecraft:dropped":{"minecraft:oak_fence":2,"minecraft:oxeye_daisy":1,"minecraft:spider_eye":2},"minecraft:killed":{"minecraft:spider":1,"minecraft:zombie":1},"minecraft:custom":{"minecraft:interact_with_furnace":10,"minecraft:mob_kills":2,"minecraft:interact_with_crafting_table":42,"minecraft:open_barrel":3,"minecraft:play_one_minute":167631,"minecraft:bell_ring":71,"minecraft:leave_game":3,"minecraft:time_since_death":150716,"minecraft:sleep_in_bed":7,"minecraft:time_since_rest":1661,"minecraft:sprint_one_cm":372615,"minecraft:damage_taken":1109,"minecraft:walk_one_cm":541245,"minecraft:drop":4,"minecraft:damage_dealt":420,"minecraft:swim_one_cm":2398,"minecraft:talked_to_villager":1,"minecraft:fly_one_cm":456812,"minecraft:open_chest":23,"minecraft:crouch_one_cm":46695,"minecraft:sneak_time":11469,"minecraft:deaths":1,"minecraft:walk_under_water_one_cm":1570,"minecraft:jump":1909,"minecraft:interact_with_brewingstand":3,"minecraft:interact_with_blast_furnace":1,"minecraft:walk_on_water_one_cm":4439,"minecraft:fall_one_cm":46798},"minecraft:picked_up":{"minecraft:wheat":257,"minecraft:yellow_wool":3,"minecraft:lead":8,"minecraft:oak_stairs":5,"minecraft:oak_log":519,"minecraft:dirt":389,"minecraft:string":2,"minecraft:glass":25,"minecraft:iron_shovel":1,"minecraft:oak_sign":13,"minecraft:apple":12,"minecraft:wheat_seeds":1013,"minecraft:poppy":8,"minecraft:chest":3,"minecraft:oak_planks":36,"minecraft:stone_hoe":1,"minecraft:stick":39,"minecraft:oak_door":2,"minecraft:oak_fence":3,"minecraft:torch":1,"minecraft:dandelion":6,"minecraft:sand":98,"minecraft:white_bed":2,"minecraft:spider_eye":4,"minecraft:rotten_flesh":1,"minecraft:stone_shovel":2,"minecraft:diamond":2,"minecraft:stone_axe":1,"minecraft:bread":11,"minecraft:oak_sapling":130,"minecraft:coal":51,"minecraft:white_wool":7,"minecraft:cobblestone":144,"minecraft:oxeye_daisy":3}},"DataVersion":1952}