{"stats":{"minecraft:crafted":{"minecraft:oak_planks":204,"minecraft:oak_sign":3,"minecraft:crafting_table":1,"minecraft:wooden_pickaxe":1,"minecraft:iron_sword":1,"minecraft:birch_planks":28,"minecraft:bread":40,"minecraft:flint_and_steel":3,"minecraft:stick":12,"minecraft:stone_pickaxe":2,"minecraft:iron_pickaxe":2,"minecraft:chest":4},"minecraft:custom":{"minecraft:interact_with_furnace":3,"minecraft:mob_kills":6,"minecraft:inspect_hopper":9,"minecraft:interact_with_crafting_table":16,"minecraft:play_one_minute":131515,"minecraft:bell_ring":2,"minecraft:leave_game":6,"minecraft:time_since_death":49,"minecraft:climb_one_cm":4316,"minecraft:time_since_rest":77,"minecraft:sprint_one_cm":338148,"minecraft:damage_taken":19127,"minecraft:walk_one_cm":315148,"minecraft:drop":2,"minecraft:damage_dealt":488,"minecraft:play_noteblock":1,"minecraft:swim_one_cm":7512,"minecraft:fly_one_cm":328751,"minecraft:open_chest":60,"minecraft:crouch_one_cm":2448,"minecraft:deaths":49,"minecraft:sneak_time":533,"minecraft:walk_under_water_one_cm":1265,"minecraft:jump":1801,"minecraft:interact_with_blast_furnace":1,"minecraft:walk_on_water_one_cm":4213,"minecraft:interact_with_smoker":1,"minecraft:fall_one_cm":148781,"minecraft:horse_one_cm":2049},"minecraft:dropped":{"minecraft:lead":4,"minecraft:bone_meal":8},"minecraft:killed_by":{"minecraft:player":32,"minecraft:zombie":10},"minecraft:picked_up":{"minecraft:stripped_oak_log":1,"minecraft:birch_log":7,"minecraft:enchanting_table":1,"minecraft:wheat":120,"minecraft:iron_trapdoor":1,"minecraft:andesite":44,"minecraft:leather":2,"minecraft:lead":4,"minecraft:birch_planks":10,"minecraft:flint":5,"minecraft:oak_log":131,"minecraft:heavy_weighted_pressure_plate":1,"minecraft:dirt":34,"minecraft:white_banner":1,"minecraft:iron_axe":2,"minecraft:chipped_anvil":1,"minecraft:wheat_seeds":340,"minecraft:stone_pickaxe":1,"minecraft:beef":2,"minecraft:iron_ore":31,"minecraft:bamboo":9,"minecraft:oak_planks":15,"minecraft:sugar_cane":2,"minecraft:chest":5,"minecraft:birch_sapling":1,"minecraft:iron_sword":1,"minecraft:stick":3,"minecraft:oak_fence":1,"minecraft:torch":10,"minecraft:note_block":1,"minecraft:gravel":34,"minecraft:sand":1,"minecraft:spruce_sapling":1,"minecraft:diorite":17,"minecraft:redstone":93,"minecraft:rotten_flesh":162,"minecraft:diamond":6,"minecraft:granite":5,"minecraft:bone_meal":8,"minecraft:oak_sapling":17,"minecraft:mutton":6,"minecraft:coal":81,"minecraft:hopper":2,"minecraft:white_wool":3,"minecraft:cobblestone":424,"minecraft:diamond_pickaxe":1},"minecraft:broken":{"minecraft:stone_pickaxe":1,"minecraft:iron_pickaxe":1},"minecraft:killed":{"minecraft:sheep":3,"minecraft:zombie":2,"minecraft:cow":1},"minecraft:mined":{"minecraft:diamond_ore":6,"minecraft:oak_fence":1,"minecraft:torch":3,"minecraft:note_block":1,"minecraft:granite":5,"minecraft:grass_block":10,"minecraft:chest":5,"minecraft:glass":2,"minecraft:cobblestone":32,"minecraft:wall_torch":5,"minecraft:sugar_cane":1,"minecraft:oak_planks":15,"minecraft:hopper":2,"minecraft:diorite":17,"minecraft:birch_planks":10,"minecraft:redstone_ore":21,"minecraft:heavy_weighted_pressure_plate":1,"minecraft:birch_log":7,"minecraft:iron_ore":31,"minecraft:wheat":135,"minecraft:andesite":44,"minecraft:white_wall_banner":1,"minecraft:enchanting_table":1,"minecraft:grass":17,"minecraft:oak_log":132,"minecraft:coal_ore":81,"minecraft:gravel":42,"minecraft:sand":1,"minecraft:dirt":26,"minecraft:stripped_oak_log":1,"minecraft:stone":393,"minecraft:chipped_anvil":1,"minecraft:oak_leaves":50,"minecraft:iron_trapdoor":1},"minecraft:used":{"minecraft:wheat_seeds":135,"minecraft:enchanting_table":1,"minecraft:flint_and_steel":25,"minecraft:birch_planks":10,"minecraft:stone_pickaxe":192,"minecraft:oak_planks":14,"minecraft:chest":5,"minecraft:wooden_pickaxe":9,"minecraft:sugar_cane":1,"minecraft:torch":9,"minecraft:dirt":5,"minecraft:crafting_table":1,"minecraft:chipped_anvil":1,"minecraft:bread":9,"minecraft:iron_axe":211,"minecraft:iron_pickaxe":443,"minecraft:gravel":23,"minecraft:cobblestone":47,"minecraft:andesite":1}},"DataVersion":1952}