{"stats":{"minecraft:custom":{"minecraft:time_since_rest":28625,"minecraft:sprint_one_cm":19161,"minecraft:walk_one_cm":68362,"minecraft:drop":55,"minecraft:fly_one_cm":445104,"minecraft:open_chest":7,"minecraft:crouch_one_cm":2728,"minecraft:play_one_minute":28625,"minecraft:sneak_time":1604,"minecraft:walk_under_water_one_cm":6709,"minecraft:boat_one_cm":3701,"minecraft:aviate_one_cm":5778,"minecraft:jump":91,"minecraft:leave_game":2,"minecraft:time_since_death":28625,"minecraft:walk_on_water_one_cm":1134,"minecraft:climb_one_cm":1034,"minecraft:inspect_dispenser":3},"minecraft:used":{"minecraft:oak_log":17,"minecraft:oak_trapdoor":15,"minecraft:glass":17,"minecraft:wooden_axe":1,"minecraft:warped_stem":14,"minecraft:end_rod":3,"minecraft:bricks":25,"minecraft:cobblestone_stairs":14,"minecraft:birch_planks":40,"minecraft:grass_block":13,"minecraft:brick_stairs":76,"minecraft:oak_planks":33,"minecraft:birch_wood":28,"minecraft:spruce_planks":1,"minecraft:oak_door":2,"minecraft:cobblestone":18,"minecraft:written_book":1,"minecraft:tnt":7,"minecraft:cobblestone_wall":5,"minecraft:warped_planks":29},"minecraft:dropped":{"minecraft:oak_door":1,"minecraft:wooden_axe":1,"minecraft:smooth_quartz":51,"minecraft:written_book":2},"minecraft:picked_up":{"minecraft:leather_chestplate":1,"minecraft:oak_door":1,"minecraft:leather_leggings":1,"minecraft:stripped_crimson_stem":1,"minecraft:leather_helmet":1,"minecraft:leather_boots":1,"minecraft:written_book":1,"minecraft:black_wool":1}},"DataVersion":2567}