{"stats":{"minecraft:killed":{"minecraft:pig":1},"minecraft:picked_up":{"minecraft:porkchop":2},"minecraft:custom":{"minecraft:jump":380,"minecraft:time_since_rest":71707,"minecraft:damage_dealt":20,"minecraft:play_one_minute":71707,"minecraft:leave_game":1,"minecraft:walk_on_water_one_cm":14288,"minecraft:sprint_one_cm":128239,"minecraft:damage_taken":20,"minecraft:time_since_death":71707,"minecraft:walk_one_cm":288680,"minecraft:sneak_time":8,"minecraft:climb_one_cm":1136,"minecraft:walk_under_water_one_cm":3412,"minecraft:mob_kills":1,"minecraft:fall_one_cm":544,"minecraft:fly_one_cm":419441}},"DataVersion":2580}