{"stats":{"minecraft:crafted":{"minecraft:oak_planks":404,"minecraft:oak_sign":9,"minecraft:oak_pressure_plate":1,"minecraft:birch_slab":18,"minecraft:stone":86,"minecraft:cobblestone_stairs":16,"minecraft:lever":2,"minecraft:cracked_stone_bricks":1,"minecraft:iron_bars":176,"minecraft:quartz_block":7,"minecraft:glass":37,"minecraft:chest":8,"minecraft:magenta_dye":16,"minecraft:oak_fence":6,"minecraft:diamond_axe":1,"minecraft:crafting_table":6,"minecraft:spruce_planks":56,"minecraft:iron_helmet":2,"minecraft:wooden_pickaxe":1,"minecraft:baked_potato":12,"minecraft:birch_planks":8,"minecraft:diamond_pickaxe":1,"minecraft:charcoal":6,"minecraft:stick":64,"minecraft:iron_ingot":21,"minecraft:iron_pickaxe":1,"minecraft:wooden_sword":1,"minecraft:oak_door":9,"minecraft:fishing_rod":1,"minecraft:furnace":1,"minecraft:bone_meal":48,"minecraft:oak_trapdoor":4,"minecraft:flint_and_steel":1,"minecraft:spruce_stairs":4,"minecraft:iron_axe":2,"minecraft:iron_hoe":1,"minecraft:stone_pickaxe":1,"minecraft:diamond_boots":1,"minecraft:cooked_beef":13,"minecraft:coal_block":42,"minecraft:red_dye":4,"minecraft:cooked_cod":9,"minecraft:spruce_sign":3,"minecraft:iron_sword":1,"minecraft:orange_dye":1,"minecraft:air":0,"minecraft:acacia_boat":2,"minecraft:bread":81,"minecraft:jungle_planks":8,"minecraft:blue_dye":7,"minecraft:wooden_axe":1,"minecraft:iron_shovel":3,"minecraft:iron_leggings":1,"minecraft:stonecutter":1,"minecraft:white_bed":1,"minecraft:acacia_planks":20,"minecraft:torch":96,"minecraft:nether_brick_stairs":4,"minecraft:diamond_chestplate":1},"minecraft:custom":{"minecraft:animals_bred":14,"minecraft:interact_with_crafting_table":78,"minecraft:open_barrel":12,"minecraft:bell_ring":208,"minecraft:leave_game":19,"minecraft:time_since_death":66695,"minecraft:sprint_one_cm":2346102,"minecraft:damage_blocked_by_shield":384,"minecraft:drop":153,"minecraft:play_noteblock":39,"minecraft:deaths":8,"minecraft:jump":11844,"minecraft:interact_with_brewingstand":11,"minecraft:walk_on_water_one_cm":59905,"minecraft:interact_with_furnace":76,"minecraft:play_one_minute":727397,"minecraft:sleep_in_bed":13,"minecraft:damage_dealt":14589,"minecraft:player_kills":7,"minecraft:crouch_one_cm":205975,"minecraft:interact_with_smoker":1,"minecraft:horse_one_cm":589620,"minecraft:mob_kills":70,"minecraft:inspect_hopper":3,"minecraft:climb_one_cm":60882,"minecraft:walk_one_cm":1453896,"minecraft:sneak_time":50476,"minecraft:walk_under_water_one_cm":36465,"minecraft:boat_one_cm":275118,"minecraft:interact_with_blast_furnace":11,"minecraft:tune_noteblock":50,"minecraft:interact_with_stonecutter":14,"minecraft:time_since_rest":4385,"minecraft:damage_taken":8366,"minecraft:swim_one_cm":111985,"minecraft:fly_one_cm":2521160,"minecraft:open_chest":509,"minecraft:fish_caught":15,"minecraft:fall_one_cm":352981},"minecraft:killed_by":{"minecraft:player":6},"minecraft:dropped":{"minecraft:nether_brick_stairs":1,"minecraft:spruce_sign":2,"minecraft:iron_sword":3,"minecraft:porkchop":8,"minecraft:diamond_axe":1,"minecraft:cooked_beef":2,"minecraft:crafting_table":1,"minecraft:crossbow":1,"minecraft:flint":3,"minecraft:dirt":9,"minecraft:cornflower":4,"minecraft:wooden_sword":1,"minecraft:gold_nugget":2,"minecraft:bone_meal":8,"minecraft:sand":6,"minecraft:iron_pickaxe":2,"minecraft:birch_log":168,"minecraft:gravel":10,"minecraft:wheat":28,"minecraft:rotten_flesh":4,"minecraft:oak_planks":1,"minecraft:diamond_shovel":1,"minecraft:glowstone_dust":3,"minecraft:nether_brick_fence":1,"minecraft:azure_bluet":1,"minecraft:salmon":3,"minecraft:poppy":2,"minecraft:arrow":47,"minecraft:enchanting_table":1,"minecraft:iron_ingot":58,"minecraft:bread":26,"minecraft:wheat_seeds":116,"minecraft:iron_helmet":3,"minecraft:oak_fence":1,"minecraft:feather":14,"minecraft:cobblestone":1101,"minecraft:lead":5,"minecraft:book":57,"minecraft:granite":1,"minecraft:acacia_log":5,"minecraft:coal":128,"minecraft:stick":17,"minecraft:oxeye_daisy":1,"minecraft:diorite":2,"minecraft:torch":62,"minecraft:wooden_axe":1,"minecraft:iron_leggings":2,"minecraft:iron_axe":3,"minecraft:iron_shovel":4,"minecraft:bucket":1,"minecraft:stone_brick_slab":3,"minecraft:furnace":5,"minecraft:sticky_piston":1,"minecraft:chicken":2,"minecraft:iron_boots":2,"minecraft:damaged_anvil":1,"minecraft:oak_sign":2,"minecraft:spruce_fence":1,"minecraft:flint_and_steel":5,"minecraft:diamond_sword":4,"minecraft:potato":4,"minecraft:diamond_chestplate":1,"minecraft:spruce_planks":26,"minecraft:iron_chestplate":2,"minecraft:diamond_pickaxe":4,"minecraft:andesite":1,"minecraft:oak_sapling":65,"minecraft:wooden_shovel":1,"minecraft:stone_pickaxe":1,"minecraft:wooden_pickaxe":1},"minecraft:broken":{"minecraft:iron_shovel":1,"minecraft:shears":1},"minecraft:picked_up":{"minecraft:iron_chestplate":6,"minecraft:wheat":337,"minecraft:nether_brick_fence":12,"minecraft:lead":21,"minecraft:diamond_sword":14,"minecraft:oak_stairs":53,"minecraft:potion":3,"minecraft:stone_brick_stairs":2,"minecraft:brewing_stand":1,"minecraft:string":18,"minecraft:iron_leggings":11,"minecraft:sticky_piston":7,"minecraft:pufferfish":3,"minecraft:oak_sign":36,"minecraft:beetroot":2,"minecraft:gold_nugget":3,"minecraft:comparator":4,"minecraft:spruce_planks":21,"minecraft:rose_bush":3,"minecraft:redstone_torch":2,"minecraft:iron_pickaxe":1,"minecraft:melon_slice":70,"minecraft:furnace":2,"minecraft:iron_boots":6,"minecraft:stick":57,"minecraft:composter":1,"minecraft:oak_fence":6,"minecraft:torch":232,"minecraft:acacia_log":10,"minecraft:spruce_stairs":4,"minecraft:porkchop":32,"minecraft:diorite":91,"minecraft:quartz_block":135,"minecraft:cactus":48,"minecraft:rotten_flesh":12,"minecraft:red_tulip":2,"minecraft:blaze_rod":14,"minecraft:obsidian":13,"minecraft:cod":10,"minecraft:iron_bars":36,"minecraft:cobblestone":3126,"minecraft:nautilus_shell":2,"minecraft:birch_log":80,"minecraft:enchanting_table":1,"minecraft:lilac":8,"minecraft:magma_block":179,"minecraft:leather_chestplate":2,"minecraft:feather":39,"minecraft:cooked_beef":28,"minecraft:birch_slab":5,"minecraft:repeater":5,"minecraft:iron_door":3,"minecraft:water_bucket":1,"minecraft:andesite":86,"minecraft:jungle_log":107,"minecraft:potato":49,"minecraft:flint":22,"minecraft:acacia_boat":1,"minecraft:lapis_lazuli":79,"minecraft:dirt":415,"minecraft:glass":37,"minecraft:bone":41,"minecraft:acacia_planks":2,"minecraft:orange_tulip":1,"minecraft:wheat_seeds":1350,"minecraft:bell":2,"minecraft:grindstone":2,"minecraft:glowstone_dust":3,"minecraft:bamboo":437,"minecraft:oak_planks":413,"minecraft:music_disc_13":1,"minecraft:oak_pressure_plate":3,"minecraft:sand":71,"minecraft:jungle_planks":4,"minecraft:nether_brick_stairs":12,"minecraft:mossy_cobblestone":10,"minecraft:jungle_leaves":75,"minecraft:dispenser":4,"minecraft:diamond":1,"minecraft:lever":7,"minecraft:crossbow":1,"minecraft:granite":109,"minecraft:grass":1,"minecraft:bone_meal":12,"minecraft:emerald":1,"minecraft:golden_apple":1,"minecraft:golden_horse_armor":1,"minecraft:spruce_sign":1,"minecraft:bread":123,"minecraft:jack_o_lantern":8,"minecraft:oak_sapling":35,"minecraft:netherrack":630,"minecraft:oak_leaves":79,"minecraft:diamond_pickaxe":14,"minecraft:charcoal":5,"minecraft:fishing_rod":1,"minecraft:cocoa_beans":24,"minecraft:crafting_table":8,"minecraft:azure_bluet":3,"minecraft:ladder":9,"minecraft:chicken":12,"minecraft:nether_wart":117,"minecraft:brown_mushroom":9,"minecraft:wooden_pickaxe":2,"minecraft:shield":4,"minecraft:cornflower":16,"minecraft:flint_and_steel":7,"minecraft:oak_trapdoor":3,"minecraft:iron_axe":2,"minecraft:iron_shovel":2,"minecraft:blue_orchid":2,"minecraft:glass_pane":15,"minecraft:cracked_stone_bricks":1,"minecraft:beef":14,"minecraft:jungle_sapling":2,"minecraft:iron_nugget":1,"minecraft:poppy":2,"minecraft:sugar_cane":128,"minecraft:chest":15,"minecraft:birch_sapling":7,"minecraft:spruce_trapdoor":1,"minecraft:phantom_membrane":6,"minecraft:stone":101,"minecraft:oak_door":16,"minecraft:spruce_fence":1,"minecraft:note_block":1,"minecraft:carrot":64,"minecraft:redstone":188,"minecraft:dark_oak_planks":2,"minecraft:arrow":59,"minecraft:diamond_chestplate":6,"minecraft:cooked_cod":16,"minecraft:nether_bricks":77,"minecraft:shears":2,"minecraft:diamond_boots":5,"minecraft:saddle":1,"minecraft:gold_ingot":85,"minecraft:mutton":3,"minecraft:white_wool":7,"minecraft:oxeye_daisy":7,"minecraft:tripwire_hook":4,"minecraft:salmon":24,"minecraft:leather":7,"minecraft:birch_planks":15,"minecraft:oak_log":372,"minecraft:lily_pad":2,"minecraft:yellow_bed":3,"minecraft:cobblestone_wall":1,"minecraft:cobblestone_stairs":21,"minecraft:white_banner":11,"minecraft:cooked_mutton":9,"minecraft:apple":6,"minecraft:stone_bricks":4,"minecraft:kelp":21,"minecraft:iron_ingot":198,"minecraft:iron_ore":57,"minecraft:iron_sword":2,"minecraft:soul_sand":73,"minecraft:book":165,"minecraft:pumpkin":5,"minecraft:sweet_berries":5,"minecraft:chiseled_stone_bricks":4,"minecraft:stone_brick_slab":3,"minecraft:quartz":32,"minecraft:dandelion":10,"minecraft:gravel":132,"minecraft:spruce_sapling":3,"minecraft:white_bed":5,"minecraft:spruce_log":25,"minecraft:gold_ore":11,"minecraft:spider_eye":3,"minecraft:diamond_shovel":1,"minecraft:polished_diorite":1,"minecraft:stone_axe":1,"minecraft:iron_helmet":12,"minecraft:diamond_axe":9,"minecraft:birch_sign":12,"minecraft:baked_potato":10,"minecraft:damaged_anvil":1,"minecraft:coal":629,"minecraft:hopper":65},"minecraft:killed":{"minecraft:spider":5,"minecraft:cod":1,"minecraft:dolphin":1,"minecraft:skeleton":5,"minecraft:fox":1,"minecraft:chicken":6,"minecraft:pig":10,"minecraft:zombie_villager":1,"minecraft:salmon":3,"minecraft:sheep":2,"minecraft:pillager":8,"minecraft:zombie":6,"minecraft:blaze":8,"minecraft:cow":4,"minecraft:zombie_pigman":1,"minecraft:vindicator":1,"minecraft:phantom":3,"minecraft:horse":3,"minecraft:wither_skeleton":1},"minecraft:mined":{"minecraft:dark_oak_planks":1,"minecraft:spruce_planks":3,"minecraft:white_bed":5,"minecraft:farmland":9,"minecraft:cobblestone_stairs":20,"minecraft:jungle_leaves":83,"minecraft:brewing_stand":1,"minecraft:obsidian":12,"minecraft:spruce_trapdoor":1,"minecraft:granite":80,"minecraft:grass_block":102,"minecraft:acacia_log":10,"minecraft:jungle_log":95,"minecraft:oak_pressure_plate":1,"minecraft:polished_diorite":2,"minecraft:composter":1,"minecraft:hopper":54,"minecraft:oxeye_daisy":3,"minecraft:oak_wall_sign":19,"minecraft:nether_wart":30,"minecraft:chiseled_stone_bricks":4,"minecraft:magma_block":97,"minecraft:iron_ore":32,"minecraft:sticky_piston":6,"minecraft:pumpkin":5,"minecraft:azure_bluet":3,"minecraft:nether_brick_stairs":10,"minecraft:red_tulip":2,"minecraft:oak_sign":3,"minecraft:iron_bars":36,"minecraft:oak_stairs":2,"minecraft:white_banner":5,"minecraft:blue_orchid":1,"minecraft:tripwire":3,"minecraft:piston_head":1,"minecraft:brown_mushroom":1,"minecraft:quartz_block":1,"minecraft:torch":10,"minecraft:note_block":1,"minecraft:melon":15,"minecraft:poppy":1,"minecraft:chest":9,"minecraft:mushroom_stem":6,"minecraft:spruce_wall_sign":2,"minecraft:cobblestone":107,"minecraft:nether_quartz_ore":30,"minecraft:oak_planks":67,"minecraft:grindstone":3,"minecraft:sugar_cane":42,"minecraft:wall_torch":13,"minecraft:birch_sapling":1,"minecraft:seagrass":11,"minecraft:repeater":3,"minecraft:birch_log":31,"minecraft:wheat":282,"minecraft:orange_tulip":1,"minecraft:stone_brick_stairs":3,"minecraft:grass":647,"minecraft:oak_log":124,"minecraft:sand":2,"minecraft:dirt":193,"minecraft:tripwire_hook":2,"minecraft:dispenser":2,"minecraft:netherrack":487,"minecraft:oak_leaves":189,"minecraft:mossy_cobblestone":5,"minecraft:jack_o_lantern":8,"minecraft:nether_bricks":78,"minecraft:lever":5,"minecraft:jungle_planks":2,"minecraft:redstone_wire":17,"minecraft:brown_mushroom_block":6,"minecraft:birch_slab":4,"minecraft:spruce_leaves":6,"minecraft:oak_trapdoor":2,"minecraft:furnace":6,"minecraft:carrots":12,"minecraft:andesite":39,"minecraft:bell":1,"minecraft:nether_brick_fence":10,"minecraft:bookshelf":20,"minecraft:potatoes":12,"minecraft:vine":18,"minecraft:bamboo_sapling":1,"minecraft:bamboo":46,"minecraft:stone":1974,"minecraft:redstone_wall_torch":1,"minecraft:podzol":1,"minecraft:glass_pane":9,"minecraft:comparator":2,"minecraft:soul_sand":44,"minecraft:stone_brick_slab":3,"minecraft:dandelion":9,"minecraft:oak_fence":6,"minecraft:crafting_table":6,"minecraft:cornflower":15,"minecraft:lily_pad":1,"minecraft:diorite":47,"minecraft:spruce_stairs":4,"minecraft:birch_planks":11,"minecraft:cactus":9,"minecraft:cobblestone_wall":1,"minecraft:sweet_berry_bush":4,"minecraft:spruce_log":19,"minecraft:birch_leaves":7,"minecraft:white_wall_banner":2,"minecraft:yellow_bed":3,"minecraft:grass_path":2,"minecraft:coal_ore":120,"minecraft:cocoa":9,"minecraft:gravel":64,"minecraft:cracked_stone_bricks":1,"minecraft:stone_bricks":4,"minecraft:fern":49},"minecraft:used":{"minecraft:nether_brick_fence":10,"minecraft:jack_o_lantern":8,"minecraft:iron_shovel":286,"minecraft:oak_sign":7,"minecraft:chest":24,"minecraft:nether_wart":11,"minecraft:bell":2,"minecraft:rotten_flesh":1,"minecraft:soul_sand":15,"minecraft:jungle_planks":2,"minecraft:nether_bricks":72,"minecraft:carrot":1,"minecraft:obsidian":12,"minecraft:jungle_sapling":1,"minecraft:lava_bucket":19,"minecraft:birch_sapling":5,"minecraft:stone_brick_stairs":4,"minecraft:stone_bricks":18,"minecraft:magma_block":33,"minecraft:sweet_berries":2,"minecraft:oak_sapling":12,"minecraft:furnace":2,"minecraft:cooked_cod":39,"minecraft:potato":25,"minecraft:diorite":5,"minecraft:stone_pickaxe":65,"minecraft:oak_planks":315,"minecraft:wooden_pickaxe":12,"minecraft:composter":1,"minecraft:sugar_cane":4,"minecraft:diamond_axe":570,"minecraft:oak_leaves":48,"minecraft:note_block":2,"minecraft:shears":136,"minecraft:sticky_piston":6,"minecraft:lever":7,"minecraft:birch_slab":42,"minecraft:melon_slice":19,"minecraft:bread":82,"minecraft:oak_pressure_plate":1,"minecraft:iron_door":3,"minecraft:gravel":29,"minecraft:diamond_sword":729,"minecraft:wooden_sword":39,"minecraft:grindstone":3,"minecraft:andesite":13,"minecraft:birch_log":1,"minecraft:bone_meal":24,"minecraft:oak_fence":7,"minecraft:oak_trapdoor":4,"minecraft:jungle_leaves":31,"minecraft:iron_bars":168,"minecraft:flint_and_steel":40,"minecraft:spruce_planks":1,"minecraft:wooden_shovel":29,"minecraft:netherrack":370,"minecraft:oak_door":23,"minecraft:torch":71,"minecraft:dirt":271,"minecraft:brewing_stand":1,"minecraft:hopper":24,"minecraft:spruce_stairs":8,"minecraft:cobblestone_wall":68,"minecraft:nether_brick_stairs":28,"minecraft:granite":3,"minecraft:polished_diorite":1,"minecraft:iron_hoe":34,"minecraft:iron_axe":102,"minecraft:oak_stairs":21,"minecraft:jungle_log":105,"minecraft:bamboo":7,"minecraft:beef":2,"minecraft:cooked_beef":23,"minecraft:wheat_seeds":140,"minecraft:cooked_mutton":9,"minecraft:acacia_boat":3,"minecraft:water_bucket":22,"minecraft:cobblestone_stairs":20,"minecraft:birch_planks":10,"minecraft:baked_potato":22,"minecraft:stonecutter":1,"minecraft:cracked_stone_bricks":1,"minecraft:crafting_table":10,"minecraft:white_bed":6,"minecraft:cod":1,"minecraft:spruce_log":4,"minecraft:oak_log":18,"minecraft:diamond_pickaxe":3420,"minecraft:cornflower":5,"minecraft:oxeye_daisy":2,"minecraft:spruce_trapdoor":1,"minecraft:spruce_sapling":3,"minecraft:stone_axe":157,"minecraft:fishing_rod":19,"minecraft:cobblestone":308,"minecraft:white_banner":9,"minecraft:bucket":41,"minecraft:yellow_bed":3,"minecraft:dandelion":1}},"DataVersion":1952}