{"stats":{"minecraft:custom":{"minecraft:interact_with_crafting_table":119,"minecraft:open_barrel":436,"minecraft:bell_ring":570,"minecraft:eat_cake_slice":31,"minecraft:leave_game":1142,"minecraft:time_since_death":3510697,"minecraft:play_time":39148258,"minecraft:deaths":325,"minecraft:jump":209807,"minecraft:interact_with_furnace":136,"minecraft:play_record":193,"minecraft:traded_with_villager":252,"minecraft:interact_with_cartography_table":120,"minecraft:sleep_in_bed":50,"minecraft:damage_dealt":1516056,"minecraft:interact_with_smoker":19,"minecraft:use_cauldron":28,"minecraft:inspect_dispenser":152,"minecraft:horse_one_cm":3875335,"minecraft:inspect_dropper":111,"minecraft:interact_with_anvil":100,"minecraft:inspect_hopper":315,"minecraft:damage_dealt_absorbed":3204,"minecraft:target_hit":6,"minecraft:sneak_time":1275356,"minecraft:interact_with_lectern":83,"minecraft:interact_with_blast_furnace":23,"minecraft:total_world_time":21804,"minecraft:tune_noteblock":1753,"minecraft:interact_with_stonecutter":5,"minecraft:time_since_rest":3510717,"minecraft:swim_one_cm":1175197,"minecraft:fly_one_cm":511627149,"minecraft:open_chest":1786,"minecraft:fish_caught":6,"minecraft:fall_one_cm":5410499,"minecraft:open_shulker_box":169,"minecraft:damage_resisted":175,"minecraft:sprint_one_cm":43609418,"minecraft:drop":1201,"minecraft:play_noteblock":1,"minecraft:talked_to_villager":166,"minecraft:interact_with_brewingstand":8,"minecraft:walk_on_water_one_cm":2755544,"minecraft:interact_with_loom":119,"minecraft:open_enderchest":273,"minecraft:interact_with_beacon":9,"minecraft:player_kills":14,"minecraft:crouch_one_cm":1263293,"minecraft:mob_kills":1337,"minecraft:fill_cauldron":26,"minecraft:interact_with_campfire":146,"minecraft:climb_one_cm":324027,"minecraft:walk_one_cm":23993181,"minecraft:raid_win":1,"minecraft:walk_under_water_one_cm":6441221,"minecraft:boat_one_cm":581698,"minecraft:raid_trigger":2,"minecraft:pot_flower":202,"minecraft:damage_taken":344720,"minecraft:damage_absorbed":103783,"minecraft:trigger_trapped_chest":7,"minecraft:minecart_one_cm":37102,"minecraft:aviate_one_cm":37572063},"minecraft:dropped":{"minecraft:clay":64,"minecraft:iron_sword":1,"minecraft:piston":1,"minecraft:porkchop":7,"minecraft:lapis_lazuli":2,"minecraft:oak_pressure_plate":64,"minecraft:cooked_beef":19,"minecraft:diamond":1,"minecraft:crafting_table":1,"minecraft:cooked_porkchop":7,"minecraft:sandstone_stairs":1,"minecraft:crossbow":2,"minecraft:saddle":5,"minecraft:elytra":10,"minecraft:rail":1,"minecraft:blackstone_stairs":1,"minecraft:leather_helmet":1,"minecraft:red_carpet":6,"minecraft:emerald":53,"minecraft:red_shulker_box":2,"minecraft:dirt":124,"minecraft:stone_button":5,"minecraft:dark_oak_trapdoor":2,"minecraft:stripped_dark_oak_wood":2,"minecraft:writable_book":2,"minecraft:wooden_sword":1,"minecraft:sunflower":9,"minecraft:bone_block":1,"minecraft:sand":32,"minecraft:iron_pickaxe":1,"minecraft:dark_oak_planks":2,"minecraft:music_disc_stal":4,"minecraft:white_wool":1,"minecraft:note_block":2,"minecraft:compass":2,"minecraft:sugar_cane":96,"minecraft:lever":68,"minecraft:music_disc_chirp":2,"minecraft:polished_andesite_slab":2,"minecraft:cooked_chicken":9,"minecraft:golden_chestplate":1,"minecraft:black_carpet":1,"minecraft:netherite_sword":1,"minecraft:wheat":1,"minecraft:obsidian":66,"minecraft:rotten_flesh":3,"minecraft:oak_planks":30,"minecraft:enchanted_golden_apple":1,"minecraft:glowstone_dust":3,"minecraft:music_disc_far":3,"minecraft:azure_bluet":2,"minecraft:orange_stained_glass":1,"minecraft:hopper":2,"minecraft:music_disc_mall":1,"minecraft:leather_boots":1,"minecraft:ladder":7,"minecraft:leather_leggings":1,"minecraft:spruce_slab":6,"minecraft:white_dye":65,"minecraft:beef":10,"minecraft:podzol":1,"minecraft:stone_brick_stairs":10,"minecraft:cartography_table":128,"minecraft:lectern":1,"minecraft:egg":1,"minecraft:enchanted_book":15,"minecraft:golden_boots":1,"minecraft:wheat_seeds":25,"minecraft:tnt":137,"minecraft:golden_horse_armor":1,"minecraft:oak_fence":1,"minecraft:cobblestone":84,"minecraft:iron_helmet":1,"minecraft:elder_guardian_spawn_egg":2,"minecraft:granite":2,"minecraft:command_block":1,"minecraft:spruce_door":13,"minecraft:chicken_spawn_egg":1,"minecraft:coal":122,"minecraft:coal_block":5,"minecraft:golden_apple":1,"minecraft:polished_andesite":78,"minecraft:pufferfish":1,"minecraft:oxeye_daisy":2,"minecraft:cobweb":3,"minecraft:ink_sac":7,"minecraft:gray_bed":1,"minecraft:wooden_axe":14,"minecraft:diamond_helmet":4,"minecraft:potion":6,"minecraft:dead_bush":1,"minecraft:oak_stairs":13,"minecraft:smooth_stone":2,"minecraft:paper":255,"minecraft:string":1,"minecraft:smooth_sandstone":1,"minecraft:acacia_planks":1,"minecraft:stone_brick_slab":2,"minecraft:furnace":1,"minecraft:player_head":137,"minecraft:smooth_stone_slab":2,"minecraft:sticky_piston":4,"minecraft:red_banner":18,"minecraft:chicken":2,"minecraft:iron_boots":1,"minecraft:stone_slab":67,"minecraft:oak_sign":1,"minecraft:spruce_fence":1,"minecraft:pumpkin_seeds":1,"minecraft:target":1,"minecraft:diamond_sword":8,"minecraft:potato":1,"minecraft:cobblestone_slab":2,"minecraft:hay_block":163,"minecraft:stone":17,"minecraft:spruce_trapdoor":69,"minecraft:spruce_planks":52,"minecraft:diamond_pickaxe":1,"minecraft:andesite_stairs":1,"minecraft:redstone_torch":1,"minecraft:spider_eye":7,"minecraft:stone_bricks":171,"minecraft:bamboo":6,"minecraft:sandstone":14,"minecraft:bow":4,"minecraft:red_tulip":2,"minecraft:black_wool":1,"minecraft:birch_planks":16,"minecraft:brown_mushroom":2,"minecraft:dark_oak_stairs":5,"minecraft:diamond_axe":1,"minecraft:oak_log":53,"minecraft:sandstone_slab":1,"minecraft:stripped_birch_wood":1,"minecraft:lantern":66,"minecraft:chest_minecart":1,"minecraft:leather":6,"minecraft:red_wool":67,"minecraft:cod":1,"minecraft:cobblestone_stairs":5,"minecraft:flint":1,"minecraft:spruce_leaves":2,"minecraft:redstone_lamp":1,"minecraft:mutton":2,"minecraft:seagrass":1,"minecraft:cooked_cod":1,"minecraft:white_stained_glass_pane":2,"minecraft:gold_ingot":148,"minecraft:cauldron":1,"minecraft:armor_stand":1,"minecraft:gravel":7,"minecraft:stripped_jungle_wood":1,"minecraft:yellow_wool":65,"minecraft:smooth_sandstone_stairs":1,"minecraft:diamond_shovel":1,"minecraft:stone_stairs":66,"minecraft:carrot":13,"minecraft:sandstone_wall":64,"minecraft:poppy":1,"minecraft:leather_chestplate":1,"minecraft:turtle_helmet":1,"minecraft:trident":3,"minecraft:gunpowder":1,"minecraft:oak_wood":8,"minecraft:stone_brick_wall":1,"minecraft:spruce_wood":2,"minecraft:birch_door":1,"minecraft:chest":1,"minecraft:iron_ore":102,"minecraft:iron_bars":2,"minecraft:arrow":141,"minecraft:white_concrete_powder":64,"minecraft:oak_leaves":2,"minecraft:written_book":1,"minecraft:netherrack":1,"minecraft:firework_rocket":1535,"minecraft:water_bucket":7,"minecraft:bread":2,"minecraft:stripped_spruce_log":2,"minecraft:oak_slab":9,"minecraft:golden_helmet":1,"minecraft:mossy_cobblestone":1,"minecraft:diamond_leggings":3,"minecraft:lead":12,"minecraft:observer":3,"minecraft:hopper_minecart":1,"minecraft:spruce_stairs":69,"minecraft:grass_block":24,"minecraft:stick":92,"minecraft:iron_block":65,"minecraft:diorite":3,"minecraft:torch":68,"minecraft:repeater":3,"minecraft:iron_door":1,"minecraft:map":135,"minecraft:fire_charge":63,"minecraft:iron_leggings":1,"minecraft:iron_axe":2,"minecraft:tripwire_hook":2,"minecraft:bucket":1,"minecraft:redstone_block":4,"minecraft:dandelion":1,"minecraft:redstone":8,"minecraft:polished_diorite":1,"minecraft:farmland":1,"minecraft:red_concrete":3,"minecraft:anvil":67,"minecraft:blue_terracotta":1,"minecraft:kelp":48,"minecraft:sweet_berries":71,"minecraft:brown_dye":1,"minecraft:oak_trapdoor":1,"minecraft:comparator":1,"minecraft:glass_pane":1,"minecraft:flint_and_steel":7,"minecraft:filled_map":436,"minecraft:snow":3,"minecraft:shield":1,"minecraft:oak_button":2,"minecraft:diamond_chestplate":3,"minecraft:orange_terracotta":1,"minecraft:netherite_block":1,"minecraft:iron_chestplate":2,"minecraft:andesite":72,"minecraft:blue_ice":1,"minecraft:golden_leggings":1,"minecraft:golden_sword":2,"minecraft:infested_stone":1,"minecraft:diamond_boots":4,"minecraft:spruce_log":4,"minecraft:light_blue_terracotta":1,"minecraft:white_stained_glass":1,"minecraft:light_blue_shulker_box":5},"minecraft:killed":{"minecraft:skeleton":41,"minecraft:fox":9,"minecraft:chicken":26,"minecraft:skeleton_horse":3,"minecraft:cat":21,"minecraft:parrot":13,"minecraft:salmon":9,"minecraft:iron_golem":2,"minecraft:ender_dragon":7,"minecraft:pillager":37,"minecraft:donkey":1,"minecraft:zombie":393,"minecraft:cow":175,"minecraft:evoker":1,"minecraft:vindicator":14,"minecraft:horse":45,"minecraft:rabbit":1,"minecraft:wandering_trader":11,"minecraft:ravager":3,"minecraft:enderman":7,"minecraft:zombified_piglin":1,"minecraft:witch":5,"minecraft:spider":19,"minecraft:wither":9,"minecraft:bee":1,"minecraft:silverfish":36,"minecraft:wolf":4,"minecraft:pig":69,"minecraft:zombie_villager":4,"minecraft:creeper":22,"minecraft:sheep":96,"minecraft:trader_llama":26,"minecraft:stray":1,"minecraft:ghast":2,"minecraft:vex":2,"minecraft:phantom":11,"minecraft:llama":4,"minecraft:drowned":2,"minecraft:bat":1,"minecraft:squid":6,"minecraft:wither_skeleton":5,"minecraft:villager":91},"minecraft:killed_by":{"minecraft:zombie_villager":1,"minecraft:zombie":5,"minecraft:vex":1,"minecraft:wither":1,"minecraft:wither_skeleton":8,"minecraft:creeper":2,"minecraft:silverfish":1,"minecraft:player":27,"minecraft:skeleton":6},"minecraft:broken":{"minecraft:fishing_rod":1,"minecraft:bow":1,"minecraft:golden_shovel":1},"minecraft:crafted":{"minecraft:lever":1,"minecraft:bookshelf":72,"minecraft:glass":48,"minecraft:emerald":69,"minecraft:clock":7,"minecraft:oak_wood":3,"minecraft:campfire":7,"minecraft:lectern":1,"minecraft:gold_ingot":2,"minecraft:rabbit_stew":1,"minecraft:leather_leggings":22,"minecraft:experience_bottle":6,"minecraft:lantern":6,"minecraft:ladder":3,"minecraft:ender_pearl":6,"minecraft:stone_pickaxe":2,"minecraft:spruce_boat":1,"minecraft:golden_helmet":1,"minecraft:firework_star":4,"minecraft:leather_helmet":3,"minecraft:glowstone":6,"minecraft:enchanted_book":23,"minecraft:iron_shovel":1,"minecraft:iron_leggings":2,"minecraft:oak_planks":32,"minecraft:stone":19,"minecraft:iron_boots":1,"minecraft:chest":1,"minecraft:cod_bucket":16,"minecraft:stone_hoe":6,"minecraft:item_frame":1,"minecraft:arrow":144,"minecraft:map":1,"minecraft:crafting_table":6,"minecraft:spruce_planks":108,"minecraft:iron_helmet":1,"minecraft:baked_potato":64,"minecraft:brown_dye":1,"minecraft:brewing_stand":1,"minecraft:spruce_trapdoor":2,"minecraft:iron_chestplate":2,"minecraft:shield":3,"minecraft:stick":132,"minecraft:iron_ingot":47,"minecraft:leather_chestplate":18,"minecraft:redstone":12,"minecraft:fishing_rod":1,"minecraft:leather_boots":16,"minecraft:spruce_button":1,"minecraft:flint_and_steel":1,"minecraft:iron_axe":13,"minecraft:brown_shulker_box":1,"minecraft:spruce_sign":3,"minecraft:iron_sword":4,"minecraft:bucket":2,"minecraft:air":0,"minecraft:bread":12,"minecraft:torch":208,"minecraft:lapis_lazuli":6,"minecraft:firework_rocket":198},"minecraft:mined":{"minecraft:white_bed":25,"minecraft:obsidian":3,"minecraft:granite":28,"minecraft:oxeye_daisy":1,"minecraft:oak_wall_sign":2,"minecraft:nether_wart":10,"minecraft:fire":1,"minecraft:sticky_piston":9,"minecraft:barrel":1,"minecraft:pumpkin":15,"minecraft:nether_brick_stairs":1,"minecraft:oak_sign":1,"minecraft:dirt_path":6,"minecraft:spruce_wood":3,"minecraft:player_head":6,"minecraft:tripwire":2,"minecraft:brown_mushroom":2,"minecraft:red_bed":45,"minecraft:player_wall_head":9,"minecraft:torch":22,"minecraft:melon":2,"minecraft:white_stained_glass_pane":2,"minecraft:dead_bush":1,"minecraft:glass":13,"minecraft:cyan_bed":2,"minecraft:sugar_cane":7,"minecraft:repeater":1,"minecraft:wheat":42,"minecraft:black_bed":3,"minecraft:grass":462,"minecraft:mossy_cobblestone":2,"minecraft:end_stone":5,"minecraft:nether_bricks":15,"minecraft:redstone_wire":7,"minecraft:black_stained_glass_pane":1,"minecraft:redstone_ore":12,"minecraft:snow":6,"minecraft:andesite":38,"minecraft:potatoes":6,"minecraft:glass_pane":1,"minecraft:soul_sand":10,"minecraft:observer":12,"minecraft:dandelion":2,"minecraft:smooth_sandstone":2,"minecraft:cornflower":2,"minecraft:campfire":3,"minecraft:tall_grass":7,"minecraft:diorite":18,"minecraft:light_blue_bed":1,"minecraft:spruce_log":34,"minecraft:gravel":24,"minecraft:cobweb":21,"minecraft:oak_button":2,"minecraft:stone_bricks":9,"minecraft:gold_ore":2,"minecraft:fern":36,"minecraft:infested_stone":1,"minecraft:spruce_planks":2,"minecraft:stone_pressure_plate":1,"minecraft:spruce_trapdoor":1,"minecraft:grass_block":12876,"minecraft:infested_cobblestone":110,"minecraft:glowstone":1,"minecraft:iron_ore":81,"minecraft:azure_bluet":1,"minecraft:green_bed":1,"minecraft:spruce_slab":1,"minecraft:poppy":3,"minecraft:chest":7,"minecraft:cobblestone":64,"minecraft:slime_block":37,"minecraft:oak_planks":9,"minecraft:wall_torch":6,"minecraft:yellow_wool":1,"minecraft:tnt":58,"minecraft:oak_log":21,"minecraft:dirt":1284,"minecraft:sand":3491,"minecraft:wither_skeleton_skull":1,"minecraft:netherrack":11,"minecraft:oak_leaves":21,"minecraft:redstone_lamp":1,"minecraft:diamond_ore":3,"minecraft:red_carpet":7,"minecraft:lever":2,"minecraft:white_stained_glass":7,"minecraft:spruce_leaves":20,"minecraft:sandstone":5,"minecraft:large_fern":9,"minecraft:hay_block":5,"minecraft:carrots":4,"minecraft:nether_brick_fence":6,"minecraft:bookshelf":1,"minecraft:stone":452,"minecraft:red_wool":5,"minecraft:infested_stone_bricks":133,"minecraft:oak_fence":1,"minecraft:crafting_table":4,"minecraft:lectern":1,"minecraft:lapis_ore":4,"minecraft:blue_bed":2,"minecraft:spruce_stairs":2,"minecraft:birch_planks":11,"minecraft:lime_bed":2,"minecraft:sweet_berry_bush":12,"minecraft:gray_bed":2,"minecraft:yellow_bed":4,"minecraft:black_wool":3,"minecraft:coal_ore":109,"minecraft:cocoa":1,"minecraft:gray_carpet":2,"minecraft:polished_andesite":3},"minecraft:picked_up":{"minecraft:wooden_axe":8,"minecraft:birch_door":7,"minecraft:iron_chestplate":2,"minecraft:anvil":4,"minecraft:lead":73,"minecraft:stone_slab":129,"minecraft:diamond_sword":28,"minecraft:oak_stairs":25,"minecraft:wither_rose":2,"minecraft:enchanted_book":15,"minecraft:birch_button":14,"minecraft:infested_stone":1,"minecraft:golden_sword":2,"minecraft:music_disc_cat":8,"minecraft:string":75,"minecraft:cooked_salmon":1,"minecraft:pufferfish":2,"minecraft:diamond_leggings":7,"minecraft:gold_nugget":6,"minecraft:spruce_planks":317,"minecraft:written_book":1,"minecraft:coal_block":8,"minecraft:melon_slice":10,"minecraft:dark_oak_door":33,"minecraft:golden_helmet":1,"minecraft:spruce_pressure_plate":1,"minecraft:music_disc_blocks":8,"minecraft:farmland":2,"minecraft:golden_chestplate":2,"minecraft:cauldron":1,"minecraft:brown_carpet":42,"minecraft:yellow_banner":14,"minecraft:honey_bottle":2,"minecraft:command_block":1,"minecraft:tropical_fish":8,"minecraft:red_tulip":2,"minecraft:iron_block":586,"minecraft:wolf_spawn_egg":1,"minecraft:blackstone_stairs":1,"minecraft:iron_bars":3,"minecraft:feather":53,"minecraft:cooked_beef":324,"minecraft:iron_door":31,"minecraft:water_bucket":10,"minecraft:jungle_log":2,"minecraft:flint":7,"minecraft:map":195,"minecraft:lantern":317,"minecraft:rabbit":2,"minecraft:diamond_helmet":7,"minecraft:glowstone_dust":4,"minecraft:dropper":1,"minecraft:stripped_spruce_log":5,"minecraft:ink_sac":53,"minecraft:dark_oak_log":3,"minecraft:barrel":5,"minecraft:wither_skeleton_spawn_egg":192,"minecraft:polished_andesite":257,"minecraft:dispenser":128,"minecraft:blue_terracotta":1,"minecraft:green_concrete":2,"minecraft:lever":103,"minecraft:writable_book":7,"minecraft:granite":172,"minecraft:spruce_button":6,"minecraft:golden_horse_armor":1,"minecraft:bread":110,"minecraft:light_gray_carpet":1,"minecraft:diamond_pickaxe":2,"minecraft:spruce_leaves":1,"minecraft:crafting_table":8,"minecraft:bee_nest":4,"minecraft:nether_wart":10,"minecraft:leather_leggings":4,"minecraft:redstone_lamp":1,"minecraft:dragon_head":4,"minecraft:acacia_button":64,"minecraft:cornflower":12,"minecraft:red_bed":10,"minecraft:elytra":18,"minecraft:cat_spawn_egg":1,"minecraft:flint_and_steel":6,"minecraft:compass":3,"minecraft:white_carpet":4,"minecraft:iron_shovel":1,"minecraft:glass_pane":33,"minecraft:cracked_stone_bricks":9,"minecraft:cartography_table":128,"minecraft:netherite_sword":1,"minecraft:beef":233,"minecraft:iron_nugget":26,"minecraft:poppy":60,"minecraft:spruce_slab":188,"minecraft:minecart":1,"minecraft:chest":8,"minecraft:birch_sapling":53,"minecraft:piston":323,"minecraft:egg":24,"minecraft:sandstone":26,"minecraft:stone":16,"minecraft:oak_door":2,"minecraft:music_disc_mellohi":17,"minecraft:spruce_fence":6,"minecraft:fire_charge":570,"minecraft:carrot":184,"minecraft:redstone":753,"minecraft:prismarine_crystals":26,"minecraft:blue_carpet":5,"minecraft:tnt":1154,"minecraft:diamond_chestplate":6,"minecraft:cooked_cod":5,"minecraft:beetroot_seeds":7,"minecraft:peony":7,"minecraft:diamond_boots":9,"minecraft:hay_block":5,"minecraft:gold_ingot":315,"minecraft:totem_of_undying":1,"minecraft:mutton":78,"minecraft:white_wool":52,"minecraft:rail":223,"minecraft:oxeye_daisy":10,"minecraft:tripwire_hook":8,"minecraft:filled_map":708,"minecraft:oak_log":116,"minecraft:golden_boots":1,"minecraft:blue_bed":1,"minecraft:paper":377,"minecraft:white_banner":18,"minecraft:birch_pressure_plate":1,"minecraft:apple":31,"minecraft:stone_bricks":171,"minecraft:kelp":786,"minecraft:music_disc_far":54,"minecraft:stone_pickaxe":6,"minecraft:iron_ore":165,"minecraft:cobweb":60,"minecraft:gray_bed":4,"minecraft:iron_sword":3,"minecraft:dark_oak_stairs":20,"minecraft:dark_oak_slab":12,"minecraft:sweet_berries":152,"minecraft:red_wool":7,"minecraft:gravel":936,"minecraft:spruce_sapling":88,"minecraft:spruce_log":103,"minecraft:dragon_egg":1,"minecraft:leather_helmet":2,"minecraft:oak_wood":78,"minecraft:firework_rocket":2209,"minecraft:diamond_shovel":2,"minecraft:diamond_axe":1,"minecraft:painting":7,"minecraft:birch_sign":2,"minecraft:gray_wool":2,"minecraft:oak_button":49,"minecraft:melon_seeds":9,"minecraft:hopper":1,"minecraft:ender_pearl":434,"minecraft:music_disc_strad":5,"minecraft:wheat":185,"minecraft:black_carpet":6,"minecraft:redstone_block":475,"minecraft:nether_brick_fence":6,"minecraft:yellow_wool":5,"minecraft:potion":3,"minecraft:stone_brick_stairs":3,"minecraft:iron_leggings":1,"minecraft:armor_stand":32,"minecraft:sticky_piston":36,"minecraft:experience_bottle":2,"minecraft:oak_sign":38,"minecraft:activator_rail":7,"minecraft:red_sand":14,"minecraft:smooth_stone":14,"minecraft:comparator":4,"minecraft:bucket":1,"minecraft:dark_oak_leaves":28,"minecraft:light_weighted_pressure_plate":1,"minecraft:white_tulip":1,"minecraft:rose_bush":4,"minecraft:redstone_torch":46,"minecraft:cobblestone_slab":1,"minecraft:ender_eye":1,"minecraft:smooth_quartz":4,"minecraft:iron_pickaxe":6,"minecraft:iron_boots":1,"minecraft:furnace":1,"minecraft:tipped_arrow":152,"minecraft:stick":366,"minecraft:oak_fence":19,"minecraft:torch":485,"minecraft:spruce_stairs":119,"minecraft:porkchop":381,"minecraft:diorite":99,"minecraft:music_disc_pigstep":2,"minecraft:cactus":15,"minecraft:rotten_flesh":481,"minecraft:music_disc_ward":5,"minecraft:brown_shulker_box":4,"minecraft:music_disc_wait":6,"minecraft:stripped_birch_wood":2,"minecraft:obsidian":3,"minecraft:cod":13,"minecraft:cobblestone":2678,"minecraft:leather_chestplate":4,"minecraft:lilac":17,"minecraft:repeater":58,"minecraft:andesite":89,"minecraft:orange_carpet":2,"minecraft:golden_leggings":1,"minecraft:potato":194,"minecraft:smooth_sandstone_stairs":1,"minecraft:wither_skeleton_skull":2,"minecraft:lapis_lazuli":117,"minecraft:dirt":11295,"minecraft:name_tag":3,"minecraft:leather_boots":4,"minecraft:bone":72,"minecraft:bow":21,"minecraft:wheat_seeds":1549,"minecraft:bell":80,"minecraft:mossy_stone_bricks":19,"minecraft:bamboo":6,"minecraft:powered_rail":18,"minecraft:oak_planks":88,"minecraft:cooked_porkchop":132,"minecraft:music_disc_13":12,"minecraft:oak_pressure_plate":8,"minecraft:sand":4308,"minecraft:jungle_planks":22,"minecraft:light_blue_shulker_box":14,"minecraft:nether_brick_stairs":1,"minecraft:dead_bush":1,"minecraft:grass_block":8,"minecraft:lily_of_the_valley":1,"minecraft:orange_wool":2,"minecraft:mossy_cobblestone":3,"minecraft:slime_block":52,"minecraft:sugar":2,"minecraft:yellow_carpet":2,"minecraft:light_blue_terracotta":1,"minecraft:diamond":10,"minecraft:spruce_boat":2,"minecraft:soul_lantern":3,"minecraft:polished_blackstone_button":1,"minecraft:crossbow":16,"minecraft:bone_meal":5,"minecraft:golden_apple":1,"minecraft:spruce_sign":43,"minecraft:emerald":152,"minecraft:oak_sapling":298,"minecraft:netherrack":75,"minecraft:oak_leaves":1,"minecraft:nether_star":9,"minecraft:fishing_rod":1,"minecraft:cocoa_beans":3,"minecraft:charcoal":2,"minecraft:azure_bluet":6,"minecraft:chicken":19,"minecraft:ladder":25,"minecraft:brown_mushroom":11,"minecraft:wooden_pickaxe":2,"minecraft:gold_block":2,"minecraft:shield":1,"minecraft:oak_trapdoor":1,"minecraft:stone_stairs":65,"minecraft:iron_axe":2,"minecraft:wooden_sword":3,"minecraft:item_frame":63,"minecraft:quartz_slab":1,"minecraft:birch_fence":1,"minecraft:detector_rail":10,"minecraft:player_head":171,"minecraft:observer":17,"minecraft:light_gray_wool":4,"minecraft:lectern":1,"minecraft:blue_shulker_box":6,"minecraft:sugar_cane":205,"minecraft:spruce_trapdoor":36,"minecraft:phantom_membrane":4,"minecraft:end_stone":5,"minecraft:bowl":1,"minecraft:stone_button":106,"minecraft:music_disc_11":9,"minecraft:magenta_shulker_box":16,"minecraft:trident":5,"minecraft:brown_dye":2,"minecraft:stone_pressure_plate":13,"minecraft:dark_oak_planks":15,"minecraft:arrow":1655,"minecraft:red_shulker_box":17,"minecraft:jungle_stairs":1,"minecraft:nether_bricks":13,"minecraft:stripped_dark_oak_wood":2,"minecraft:saddle":8,"minecraft:black_banner":3,"minecraft:dark_oak_button":1,"minecraft:golden_carrot":8,"minecraft:salmon":6,"minecraft:leather":231,"minecraft:music_disc_stal":16,"minecraft:birch_planks":32,"minecraft:ice":1,"minecraft:cobblestone_wall":2,"minecraft:gunpowder":19,"minecraft:cobblestone_stairs":1,"minecraft:cooked_mutton":31,"minecraft:smooth_sandstone":6,"minecraft:red_carpet":33,"minecraft:gray_carpet":30,"minecraft:rabbit_hide":1,"minecraft:spruce_wood":5,"minecraft:iron_ingot":105,"minecraft:cooked_chicken":32,"minecraft:polished_andesite_slab":65,"minecraft:acacia_sapling":1,"minecraft:soul_sand":10,"minecraft:music_disc_chirp":30,"minecraft:book":38,"minecraft:scaffolding":61,"minecraft:oak_slab":52,"minecraft:pumpkin":15,"minecraft:stone_brick_slab":67,"minecraft:dandelion":22,"minecraft:red_banner":42,"minecraft:gold_ore":12,"minecraft:spruce_door":114,"minecraft:spider_eye":10,"minecraft:music_disc_mall":18,"minecraft:lime_banner":10,"minecraft:pumpkin_seeds":21,"minecraft:white_concrete_powder":64,"minecraft:campfire":3,"minecraft:iron_helmet":2,"minecraft:acacia_slab":128,"minecraft:black_wool":16,"minecraft:red_concrete":2,"minecraft:coal":518,"minecraft:sunflower":64},"minecraft:used":{"minecraft:peony":168,"minecraft:music_disc_far":56,"minecraft:nether_brick_fence":17,"minecraft:writable_book":173,"minecraft:polished_granite_stairs":13,"minecraft:smooth_quartz_slab":100,"minecraft:polished_blackstone":112,"minecraft:dispenser":183,"minecraft:cut_red_sandstone_slab":21,"minecraft:ladder":487,"minecraft:dead_brain_coral":1,"minecraft:spruce_slab":12851,"minecraft:poppy":31,"minecraft:black_carpet":164,"minecraft:green_banner":9,"minecraft:chest":460,"minecraft:brown_concrete":93,"minecraft:stone":25229,"minecraft:quartz_stairs":13,"minecraft:red_nether_brick_stairs":32,"minecraft:farmland":205,"minecraft:rotten_flesh":2,"minecraft:chiseled_red_sandstone":38,"minecraft:soul_sand":44,"minecraft:lily_of_the_valley":1,"minecraft:brick_slab":167,"minecraft:acacia_button":1,"minecraft:jungle_slab":41,"minecraft:allium":1,"minecraft:orange_wool":3520,"minecraft:acacia_sapling":1,"minecraft:snowball":85,"minecraft:weeping_vines":1,"minecraft:stripped_spruce_log":3365,"minecraft:spruce_boat":3,"minecraft:polished_blackstone_slab":16,"minecraft:jungle_sapling":1,"minecraft:honey_block":217,"minecraft:lava_bucket":310,"minecraft:netherite_shovel":1025,"minecraft:stripped_dark_oak_wood":3853,"minecraft:quartz_pillar":71,"minecraft:lime_banner":29,"minecraft:villager_spawn_egg":143,"minecraft:music_disc_pigstep":3,"minecraft:red_wool":14637,"minecraft:black_stained_glass_pane":77,"minecraft:birch_sapling":93,"minecraft:grass_block":37700,"minecraft:music_disc_ward":5,"minecraft:polished_andesite_stairs":1822,"minecraft:quartz_block":122,"minecraft:music_disc_chirp":30,"minecraft:netherite_hoe":156,"minecraft:dark_oak_leaves":17,"minecraft:dark_oak_slab":3807,"minecraft:music_disc_wait":6,"minecraft:dark_oak_button":9,"minecraft:diorite_wall":450,"minecraft:pink_wool":68,"minecraft:stone_brick_stairs":6810,"minecraft:blue_banner":16,"minecraft:music_disc_stal":16,"minecraft:dolphin_spawn_egg":2,"minecraft:red_stained_glass_pane":75,"minecraft:snow":775,"minecraft:bow":1633,"minecraft:sweet_berries":35,"minecraft:furnace":207,"minecraft:oak_sapling":437,"minecraft:cooked_cod":6,"minecraft:egg":194,"minecraft:gray_banner":3,"minecraft:potato":427,"minecraft:dragon_head":45,"minecraft:green_stained_glass_pane":5,"minecraft:seagrass":23,"minecraft:dark_prismarine_stairs":2896,"minecraft:magenta_shulker_box":16,"minecraft:light_blue_carpet":30,"minecraft:powered_rail":163,"minecraft:spruce_door":832,"minecraft:stripped_birch_log":2150,"minecraft:diorite":945,"minecraft:mossy_stone_bricks":131,"minecraft:damaged_anvil":3,"minecraft:cow_spawn_egg":105,"minecraft:infested_stone":3,"minecraft:brick_wall":67,"minecraft:red_stained_glass":228,"minecraft:acacia_trapdoor":35,"minecraft:prismarine":12,"minecraft:blackstone_stairs":295,"minecraft:blackstone":36,"minecraft:cactus":253,"minecraft:orange_tulip":19,"minecraft:fox_spawn_egg":3,"minecraft:mossy_stone_brick_stairs":17,"minecraft:composter":51,"minecraft:parrot_spawn_egg":17,"minecraft:clay":2,"minecraft:jungle_boat":1,"minecraft:oak_leaves":8549,"minecraft:smooth_quartz_stairs":108,"minecraft:dark_oak_trapdoor":1253,"minecraft:sand":5323,"minecraft:cut_sandstone_slab":2,"minecraft:blast_furnace":56,"minecraft:smooth_red_sandstone":151,"minecraft:acacia_leaves":742,"minecraft:blue_ice":11,"minecraft:gray_concrete":2457,"minecraft:purple_terracotta":285,"minecraft:red_sandstone_wall":1,"minecraft:birch_fence":133,"minecraft:chiseled_sandstone":543,"minecraft:crying_obsidian":352,"minecraft:gray_stained_glass_pane":159,"minecraft:birch_slab":368,"minecraft:stone_button":1413,"minecraft:white_glazed_terracotta":10,"minecraft:lectern":27,"minecraft:red_terracotta":635,"minecraft:polished_granite":41,"minecraft:oak_pressure_plate":59,"minecraft:cat_spawn_egg":2,"minecraft:lilac":44,"minecraft:polished_andesite_slab":1765,"minecraft:soul_lantern":8,"minecraft:coal_block":637,"minecraft:nether_wart_block":15,"minecraft:diamond_sword":1416,"minecraft:fire_charge":3,"minecraft:wooden_sword":52,"minecraft:dark_oak_fence":351,"minecraft:smithing_table":20,"minecraft:white_stained_glass":1348,"minecraft:green_concrete_powder":6,"minecraft:birch_log":223,"minecraft:ice":116,"minecraft:oak_boat":11,"minecraft:compass":5,"minecraft:diorite_slab":20,"minecraft:gray_stained_glass":196,"minecraft:diorite_stairs":26,"minecraft:oak_trapdoor":586,"minecraft:stripped_acacia_wood":311,"minecraft:iron_bars":1225,"minecraft:polished_blackstone_brick_slab":1,"minecraft:dead_bush":133,"minecraft:dead_tube_coral_block":192,"minecraft:acacia_log":105,"minecraft:enchanting_table":8,"minecraft:orange_concrete":107,"minecraft:brain_coral_fan":4,"minecraft:carved_pumpkin":41,"minecraft:red_concrete":3812,"minecraft:armor_stand":306,"minecraft:light_gray_carpet":25,"minecraft:wither_skeleton_spawn_egg":10,"minecraft:bee_spawn_egg":4,"minecraft:torch":2094,"minecraft:polished_blackstone_wall":1,"minecraft:sandstone_wall":752,"minecraft:cooked_salmon":2,"minecraft:netherrack":114,"minecraft:green_glazed_terracotta":33,"minecraft:orange_stained_glass":168,"minecraft:dragon_egg":4,"minecraft:brewing_stand":24,"minecraft:anvil":1010,"minecraft:target":5,"minecraft:twisting_vines":3,"minecraft:stone_stairs":1553,"minecraft:cod_bucket":4,"minecraft:oak_fence_gate":367,"minecraft:blue_concrete":15,"minecraft:yellow_carpet":172,"minecraft:golden_shovel":136,"minecraft:polished_granite_slab":1,"minecraft:jungle_trapdoor":1,"minecraft:nether_brick_stairs":36,"minecraft:fern":15,"minecraft:polished_diorite":437,"minecraft:mossy_cobblestone_stairs":21,"minecraft:music_disc_mellohi":17,"minecraft:red_shulker_box":21,"minecraft:sea_lantern":345,"minecraft:chipped_anvil":6,"minecraft:spruce_button":128,"minecraft:brick_stairs":1093,"minecraft:iron_block":1945,"minecraft:filled_map":44,"minecraft:light_weighted_pressure_plate":21,"minecraft:iron_axe":108,"minecraft:slime_block":573,"minecraft:warped_fence":28,"minecraft:spawner":1,"minecraft:jungle_log":243,"minecraft:chicken_spawn_egg":11,"minecraft:smooth_quartz":307,"minecraft:prismarine_slab":3,"minecraft:barrel":742,"minecraft:basalt":2,"minecraft:tripwire_hook":122,"minecraft:purple_concrete":72,"minecraft:glowstone":191,"minecraft:lime_concrete":6,"minecraft:warped_stairs":11,"minecraft:beef":4,"minecraft:tall_grass":9,"minecraft:iron_trapdoor":17,"minecraft:magenta_terracotta":273,"minecraft:podzol":534,"minecraft:acacia_wood":1,"minecraft:trapped_chest":3,"minecraft:acacia_planks":629,"minecraft:observer":635,"minecraft:orange_terracotta":39,"minecraft:wheat_seeds":1029,"minecraft:water_bucket":3732,"minecraft:yellow_banner":33,"minecraft:light_blue_shulker_box":15,"minecraft:dirt_path":493,"minecraft:sandstone_stairs":3923,"minecraft:prismarine_brick_slab":1,"minecraft:birch_planks":1448,"minecraft:lead":3,"minecraft:lime_wool":2968,"minecraft:cartography_table":77,"minecraft:smooth_sandstone_slab":1388,"minecraft:glow_ink_sac":3,"minecraft:horse_spawn_egg":53,"minecraft:gold_ore":1,"minecraft:cauldron":71,"minecraft:spruce_fence_gate":440,"minecraft:fletching_table":8,"minecraft:sheep_spawn_egg":71,"minecraft:polished_blackstone_bricks":12,"minecraft:conduit":8,"minecraft:cracked_stone_bricks":129,"minecraft:diamond_block":122,"minecraft:orange_carpet":71,"minecraft:lime_terracotta":484,"minecraft:mossy_cobblestone":623,"minecraft:comparator":86,"minecraft:vine":193,"minecraft:rail":401,"minecraft:tnt":1630,"minecraft:crafting_table":283,"minecraft:oak_slab":1955,"minecraft:red_bed":95,"minecraft:phantom_spawn_egg":5,"minecraft:birch_sign":9,"minecraft:white_bed":58,"minecraft:campfire":258,"minecraft:dark_oak_fence_gate":290,"minecraft:fire_coral":3,"minecraft:cake":32,"minecraft:spruce_log":7735,"minecraft:music_disc_strad":5,"minecraft:mushroom_stem":1028,"minecraft:oak_log":19864,"minecraft:blue_stained_glass_pane":4,"minecraft:dark_prismarine":3035,"minecraft:ender_eye":104,"minecraft:diamond_pickaxe":537,"minecraft:cornflower":3,"minecraft:ghast_spawn_egg":2,"minecraft:diamond_shovel":17638,"minecraft:stripped_jungle_log":174,"minecraft:sunflower":9,"minecraft:oak_button":755,"minecraft:iron_pickaxe":355,"minecraft:pig_spawn_egg":72,"minecraft:tnt_minecart":4,"minecraft:spruce_pressure_plate":85,"minecraft:spruce_trapdoor":5614,"minecraft:spruce_sapling":69,"minecraft:music_disc_blocks":8,"minecraft:chiseled_stone_bricks":154,"minecraft:blue_carpet":165,"minecraft:green_carpet":5,"minecraft:cobblestone":28704,"minecraft:potion":18,"minecraft:orange_banner":5,"minecraft:purple_bed":2,"minecraft:cooked_porkchop":30,"minecraft:crimson_stairs":4,"minecraft:red_concrete_powder":3,"minecraft:porkchop":2,"minecraft:andesite_stairs":233,"minecraft:warped_fence_gate":28,"minecraft:sandstone_slab":4685,"minecraft:glass_pane":940,"minecraft:end_portal_frame":123,"minecraft:stripped_oak_log":1398,"minecraft:brown_mushroom_block":70,"minecraft:kelp":303,"minecraft:dandelion":2,"minecraft:jukebox":78,"minecraft:light_blue_stained_glass_pane":60,"minecraft:blue_terracotta":633,"minecraft:red_sand":90,"minecraft:iron_shovel":159,"minecraft:melon":48,"minecraft:light_gray_stained_glass_pane":293,"minecraft:bone_block":664,"minecraft:diamond_hoe":2014,"minecraft:oak_sign":346,"minecraft:polished_basalt":37,"minecraft:white_concrete_powder":275,"minecraft:white_terracotta":12,"minecraft:iron_sword":7,"minecraft:zombie_spawn_egg":41,"minecraft:stripped_jungle_wood":779,"minecraft:soul_campfire":2,"minecraft:grass":138,"minecraft:bell":68,"minecraft:bubble_coral":2,"minecraft:mossy_stone_brick_slab":9,"minecraft:player_head":401,"minecraft:smooth_sandstone_stairs":1135,"minecraft:debug_stick":113,"minecraft:green_terracotta":651,"minecraft:spruce_leaves":2062,"minecraft:stripped_crimson_stem":1,"minecraft:birch_pressure_plate":80,"minecraft:mutton":2,"minecraft:nether_bricks":27,"minecraft:jungle_planks":108,"minecraft:prismarine_brick_stairs":18,"minecraft:carrot":298,"minecraft:pink_terracotta":324,"minecraft:furnace_minecart":2,"minecraft:beehive":25,"minecraft:music_disc_11":9,"minecraft:music_disc_13":12,"minecraft:cyan_wool":45,"minecraft:obsidian":1248,"minecraft:milk_bucket":13,"minecraft:glass":475,"minecraft:cyan_terracotta":1,"minecraft:bricks":1912,"minecraft:coal_ore":21,"minecraft:spruce_wood":3895,"minecraft:quartz_slab":32,"minecraft:lantern":1195,"minecraft:blue_orchid":3,"minecraft:green_wool":327,"minecraft:polished_blackstone_brick_wall":8,"minecraft:gray_concrete_powder":15,"minecraft:dark_oak_wood":166,"minecraft:light_blue_bed":6,"minecraft:mossy_cobblestone_slab":2,"minecraft:tropical_fish_spawn_egg":10,"minecraft:hopper_minecart":43,"minecraft:stone_bricks":21218,"minecraft:item_frame":684,"minecraft:bedrock":222,"minecraft:birch_button":41,"minecraft:golden_sword":2,"minecraft:birch_trapdoor":17,"minecraft:honeycomb_block":22,"minecraft:repeater":1051,"minecraft:red_carpet":1257,"minecraft:redstone_lamp":166,"minecraft:brown_carpet":46,"minecraft:magma_block":7,"minecraft:infested_cracked_stone_bricks":11,"minecraft:hay_block":957,"minecraft:scaffolding":194,"minecraft:written_book":34,"minecraft:blue_shulker_box":13,"minecraft:gray_bed":6,"minecraft:polished_diorite_stairs":73,"minecraft:gold_block":388,"minecraft:skeleton_skull":8,"minecraft:large_fern":11,"minecraft:polished_blackstone_stairs":52,"minecraft:stripped_spruce_wood":1895,"minecraft:dark_oak_sapling":7,"minecraft:chiseled_polished_blackstone":3,"minecraft:dark_oak_stairs":8970,"minecraft:end_rod":17,"minecraft:dropper":94,"minecraft:wither_skeleton_skull":19,"minecraft:stripped_acacia_log":20,"minecraft:gray_carpet":106,"minecraft:birch_leaves":854,"minecraft:dark_oak_sign":69,"minecraft:stone_pickaxe":38,"minecraft:birch_wood":308,"minecraft:jungle_fence":1,"minecraft:oak_planks":8872,"minecraft:prismarine_stairs":1,"minecraft:polished_diorite_slab":42,"minecraft:ender_pearl":93,"minecraft:sandstone":15758,"minecraft:redstone_block":262,"minecraft:sugar_cane":183,"minecraft:diamond_axe":32,"minecraft:blue_bed":13,"minecraft:white_wool":7763,"minecraft:yellow_terracotta":43,"minecraft:light_blue_concrete":2,"minecraft:loom":147,"minecraft:yellow_concrete":207,"minecraft:light_blue_wool":478,"minecraft:black_banner":54,"minecraft:light_gray_terracotta":13,"minecraft:lingering_potion":14,"minecraft:crossbow":74,"minecraft:black_bed":7,"minecraft:note_block":329,"minecraft:sponge":163,"minecraft:skeleton_horse_spawn_egg":2,"minecraft:blackstone_wall":4,"minecraft:stone_brick_wall":1516,"minecraft:melon_slice":6,"minecraft:creeper_spawn_egg":11,"minecraft:sticky_piston":803,"minecraft:redstone_torch":425,"minecraft:black_terracotta":1,"minecraft:dead_fire_coral_fan":2,"minecraft:bread":39,"minecraft:daylight_detector":5,"minecraft:lever":534,"minecraft:green_concrete":27,"minecraft:firework_rocket":193,"minecraft:black_concrete":541,"minecraft:birch_fence_gate":11,"minecraft:music_disc_mall":17,"minecraft:acacia_door":2,"minecraft:dark_oak_log":183,"minecraft:lime_carpet":26,"minecraft:light_gray_concrete":3,"minecraft:heavy_weighted_pressure_plate":18,"minecraft:string":164,"minecraft:cyan_bed":2,"minecraft:barrier":144,"minecraft:brown_stained_glass":1,"minecraft:warped_slab":55,"minecraft:prismarine_wall":3,"minecraft:iron_door":62,"minecraft:gravel":8204,"minecraft:blackstone_slab":17,"minecraft:granite_slab":33,"minecraft:stripped_warped_hyphae":89,"minecraft:smooth_red_sandstone_slab":4,"minecraft:dead_horn_coral_fan":33,"minecraft:stripped_oak_wood":870,"minecraft:grindstone":41,"minecraft:crimson_door":2,"minecraft:andesite":13554,"minecraft:chain":87,"minecraft:chest_minecart":4,"minecraft:smooth_stone_slab":1158,"minecraft:warped_button":1,"minecraft:white_concrete":2449,"minecraft:coarse_dirt":1289,"minecraft:netherite_sword":12,"minecraft:experience_bottle":51,"minecraft:bone_meal":537,"minecraft:cobweb":310,"minecraft:oak_fence":3353,"minecraft:jungle_leaves":810,"minecraft:petrified_oak_slab":63,"minecraft:orange_concrete_powder":4,"minecraft:trident":594,"minecraft:rose_bush":154,"minecraft:white_tulip":5,"minecraft:trader_llama_spawn_egg":1,"minecraft:granite_stairs":65,"minecraft:flint_and_steel":1606,"minecraft:redstone":3546,"minecraft:stone_shovel":30,"minecraft:light_blue_terracotta":223,"minecraft:spruce_planks":34453,"minecraft:ender_chest":150,"minecraft:brown_shulker_box":9,"minecraft:stone_hoe":5,"minecraft:wooden_shovel":6,"minecraft:stripped_birch_wood":614,"minecraft:dried_kelp_block":5,"minecraft:cooked_chicken":7,"minecraft:oak_door":7,"minecraft:dirt":3886,"minecraft:white_carpet":89,"minecraft:hopper":208,"minecraft:prismarine_bricks":22,"minecraft:spruce_stairs":19309,"minecraft:cobblestone_wall":250,"minecraft:pink_carpet":1,"minecraft:warped_door":6,"minecraft:oak_wood":6581,"minecraft:bee_nest":11,"minecraft:granite":551,"minecraft:spruce_fence":2741,"minecraft:light_blue_stained_glass":347,"minecraft:birch_door":36,"minecraft:andesite_wall":57,"minecraft:dark_oak_planks":5701,"minecraft:iron_hoe":54,"minecraft:wooden_axe":6,"minecraft:stone_brick_slab":2610,"minecraft:brown_terracotta":229,"minecraft:red_tulip":30,"minecraft:light_gray_stained_glass":72,"minecraft:bookshelf":1864,"minecraft:yellow_stained_glass":9,"minecraft:oak_stairs":2350,"minecraft:smooth_sandstone":11917,"minecraft:acacia_slab":87,"minecraft:crimson_slab":1,"minecraft:polished_blackstone_brick_stairs":6,"minecraft:crimson_planks":3,"minecraft:light_gray_wool":128,"minecraft:golden_carrot":3,"minecraft:black_stained_glass":558,"minecraft:emerald_block":41,"minecraft:dark_oak_pressure_plate":3,"minecraft:wolf_spawn_egg":3,"minecraft:white_stained_glass_pane":2178,"minecraft:cyan_banner":10,"minecraft:minecart":5,"minecraft:granite_wall":1,"minecraft:stone_pressure_plate":91,"minecraft:infested_cobblestone":544,"minecraft:horn_coral_block":4,"minecraft:cooked_beef":75,"minecraft:dead_bubble_coral_block":15,"minecraft:enchanted_golden_apple":9,"minecraft:turtle_egg":21,"minecraft:orange_stained_glass_pane":1,"minecraft:pumpkin":138,"minecraft:cooked_mutton":3,"minecraft:pink_tulip":1,"minecraft:cobblestone_stairs":5150,"minecraft:lodestone":29,"minecraft:snow_block":33,"minecraft:polished_andesite":13029,"minecraft:baked_potato":22,"minecraft:red_nether_bricks":18,"minecraft:blue_wool":1946,"minecraft:andesite_slab":800,"minecraft:cut_sandstone":717,"minecraft:spruce_sign":86,"minecraft:chiseled_nether_bricks":1,"minecraft:stonecutter":9,"minecraft:beacon":45,"minecraft:green_bed":3,"minecraft:cobblestone_slab":1814,"minecraft:jungle_wood":116,"minecraft:polished_blackstone_pressure_plate":1,"minecraft:music_disc_cat":9,"minecraft:stripped_dark_oak_log":1581,"minecraft:terracotta":286,"minecraft:lime_bed":3,"minecraft:dark_prismarine_slab":949,"minecraft:brown_banner":1,"minecraft:yellow_stained_glass_pane":75,"minecraft:smoker":33,"minecraft:warped_planks":138,"minecraft:light_gray_concrete_powder":1,"minecraft:smooth_red_sandstone_stairs":91,"minecraft:painting":726,"minecraft:infested_stone_bricks":375,"minecraft:magenta_carpet":31,"minecraft:dark_oak_door":241,"minecraft:activator_rail":7,"minecraft:flower_pot":220,"minecraft:purple_stained_glass":16,"minecraft:netherite_block":24,"minecraft:piston":249,"minecraft:wooden_hoe":1,"minecraft:acacia_stairs":1265,"minecraft:black_wool":4492,"minecraft:apple":4,"minecraft:dead_fire_coral":14,"minecraft:command_block":135,"minecraft:cracked_polished_blackstone_bricks":6,"minecraft:map":210,"minecraft:stone_slab":2579,"minecraft:detector_rail":23,"minecraft:jungle_stairs":34,"minecraft:yellow_wool":4983,"minecraft:acacia_fence_gate":12,"minecraft:fishing_rod":49,"minecraft:fire_coral_block":1,"minecraft:cobbled_deepslate_slab":1,"minecraft:bucket":693,"minecraft:white_banner":34,"minecraft:jungle_door":1,"minecraft:red_banner":363,"minecraft:lapis_block":10,"minecraft:pumpkin_pie":2,"minecraft:yellow_bed":9,"minecraft:sea_pickle":101,"minecraft:polished_blackstone_button":32,"minecraft:birch_stairs":480,"minecraft:gray_wool":523,"minecraft:purple_carpet":96,"minecraft:smooth_stone":1327,"minecraft:splash_potion":477,"minecraft:soul_torch":15,"minecraft:pillager_spawn_egg":19}},"DataVersion":3465}