{"stats":{"minecraft:picked_up":{"minecraft:iron_sword":1,"minecraft:cobblestone":4,"minecraft:diamond_pickaxe":1},"minecraft:custom":{"minecraft:time_since_rest":192,"minecraft:open_chest":2,"minecraft:play_one_minute":1953,"minecraft:crouch_one_cm":206,"minecraft:sprint_one_cm":8668,"minecraft:walk_one_cm":2406,"minecraft:damage_taken":300,"minecraft:deaths":1,"minecraft:sneak_time":76,"minecraft:walk_under_water_one_cm":86,"minecraft:jump":58,"minecraft:damage_dealt":216,"minecraft:leave_game":1,"minecraft:time_since_death":167,"minecraft:walk_on_water_one_cm":134,"minecraft:swim_one_cm":581,"minecraft:fall_one_cm":1031,"minecraft:fly_one_cm":18867},"minecraft:used":{"minecraft:diamond_pickaxe":4,"minecraft:iron_sword":18},"minecraft:killed_by":{"minecraft:player":1},"minecraft:mined":{"minecraft:cobblestone":4}},"DataVersion":1952}