{"stats":{"minecraft:used":{"minecraft:redstone_torch":9,"minecraft:sticky_piston":12,"minecraft:lime_banner":9,"minecraft:lantern":7,"minecraft:spruce_slab":151,"minecraft:redstone":75,"minecraft:stone_button":9,"minecraft:spruce_planks":55,"minecraft:stone":616,"minecraft:spruce_trapdoor":2,"minecraft:golden_apple":1,"minecraft:repeater":13,"minecraft:magma_block":1,"minecraft:vine":32,"minecraft:hay_block":1,"minecraft:scaffolding":259,"minecraft:loom":1,"minecraft:spruce_stairs":16,"minecraft:smooth_stone_slab":1,"minecraft:painting":10,"minecraft:note_block":1,"minecraft:spruce_fence":3,"minecraft:cake":1,"minecraft:enchanted_golden_apple":1,"minecraft:splash_potion":127,"minecraft:milk_bucket":1},"minecraft:custom":{"minecraft:time_since_rest":37068,"minecraft:damage_absorbed":200,"minecraft:sprint_one_cm":119126,"minecraft:open_enderchest":2,"minecraft:damage_taken":1523,"minecraft:walk_one_cm":321690,"minecraft:drop":7,"minecraft:swim_one_cm":1851,"minecraft:tune_noteblock":12,"minecraft:fly_one_cm":858852,"minecraft:open_barrel":1,"minecraft:open_chest":1,"minecraft:crouch_one_cm":6949,"minecraft:play_one_minute":89704,"minecraft:deaths":4,"minecraft:sneak_time":3129,"minecraft:bell_ring":29,"minecraft:walk_under_water_one_cm":8153,"minecraft:aviate_one_cm":574822,"minecraft:jump":719,"minecraft:eat_cake_slice":12,"minecraft:leave_game":5,"minecraft:walk_on_water_one_cm":15388,"minecraft:time_since_death":37048,"minecraft:damage_resisted":128,"minecraft:interact_with_smoker":1,"minecraft:climb_one_cm":22283,"minecraft:fall_one_cm":1774},"minecraft:dropped":{"minecraft:iron_chestplate":2,"minecraft:iron_helmet":1,"minecraft:iron_leggings":1,"minecraft:lantern":1,"minecraft:iron_boots":1,"minecraft:lime_banner":1},"minecraft:killed_by":{"minecraft:player":4},"minecraft:picked_up":{"minecraft:scaffolding":36,"minecraft:iron_chestplate":2,"minecraft:stone_button":2,"minecraft:redstone":6,"minecraft:lantern":2,"minecraft:iron_leggings":1,"minecraft:birch_pressure_plate":1,"minecraft:iron_helmet":1,"minecraft:golden_apple":1,"minecraft:redstone_torch":2,"minecraft:enchanted_golden_apple":1,"minecraft:iron_boots":1}},"DataVersion":2580}