{"stats":{"minecraft:custom":{"minecraft:jump":44,"minecraft:open_chest":1,"minecraft:time_since_rest":5678,"minecraft:crouch_one_cm":107,"minecraft:play_one_minute":5678,"minecraft:leave_game":1,"minecraft:sprint_one_cm":2534,"minecraft:walk_on_water_one_cm":63,"minecraft:time_since_death":5678,"minecraft:walk_one_cm":16112,"minecraft:sneak_time":468,"minecraft:walk_under_water_one_cm":167,"minecraft:fly_one_cm":91197,"minecraft:inspect_dispenser":4,"minecraft:horse_one_cm":2482},"minecraft:used":{"minecraft:dispenser":2},"minecraft:picked_up":{"minecraft:tipped_arrow":497}},"DataVersion":1976}