{"stats":{"minecraft:crafted":{"minecraft:oak_door":3,"minecraft:oak_planks":40,"minecraft:cooked_mutton":3,"minecraft:oak_trapdoor":2,"minecraft:iron_axe":1,"minecraft:ladder":18,"minecraft:spruce_planks":4,"minecraft:wooden_pickaxe":1,"minecraft:iron_sword":1,"minecraft:bucket":1,"minecraft:bread":132,"minecraft:air":0,"minecraft:stick":56,"minecraft:iron_ingot":7},"minecraft:killed":{"minecraft:skeleton":3,"minecraft:chicken":2,"minecraft:pig":1,"minecraft:creeper":1,"minecraft:sheep":2,"minecraft:zombie":2,"minecraft:cow":4},"minecraft:dropped":{"minecraft:bread":128,"minecraft:iron_sword":1,"minecraft:oak_log":18,"minecraft:coal":17,"minecraft:stick":2,"minecraft:dirt":20,"minecraft:pumpkin":1,"minecraft:gold_ingot":146,"minecraft:oak_planks":1,"minecraft:carrot":64,"minecraft:potato":64,"minecraft:iron_ore":1,"minecraft:arrow":2},"minecraft:used":{"minecraft:oak_fence":17,"minecraft:trident":34,"minecraft:writable_book":1,"minecraft:spruce_slab":9,"minecraft:poppy":9,"minecraft:diamond_hoe":13,"minecraft:ladder":11,"minecraft:oak_sign":4,"minecraft:spruce_planks":158,"minecraft:chest":3,"minecraft:iron_sword":32,"minecraft:oak_door":1,"minecraft:torch":4,"minecraft:dirt":35,"minecraft:anvil":3,"minecraft:white_carpet":1,"minecraft:spruce_stairs":141,"minecraft:carrot":196,"minecraft:stone_brick_slab":57,"minecraft:bookshelf":4,"minecraft:iron_axe":103,"minecraft:grass_block":11,"minecraft:oak_stairs":117,"minecraft:dark_oak_slab":1,"minecraft:barrel":3,"minecraft:stone_bricks":75,"minecraft:golden_sword":18,"minecraft:snow":4,"minecraft:scaffolding":2,"minecraft:furnace":1,"minecraft:oak_sapling":3,"minecraft:egg":8,"minecraft:potato":36,"minecraft:wheat_seeds":409,"minecraft:cooked_mutton":1,"minecraft:water_bucket":1,"minecraft:spruce_door":2,"minecraft:dark_oak_sign":2,"minecraft:oak_planks":1,"minecraft:cartography_table":1,"minecraft:wooden_pickaxe":4,"minecraft:stonecutter":1,"minecraft:spruce_fence_gate":4,"minecraft:white_wool":122,"minecraft:crafting_table":1,"minecraft:blast_furnace":5,"minecraft:crossbow":1,"minecraft:campfire":1,"minecraft:black_bed":1,"minecraft:spruce_log":99,"minecraft:oak_log":241,"minecraft:wooden_hoe":1,"minecraft:flower_pot":1,"minecraft:diamond_pickaxe":41,"minecraft:bread":9,"minecraft:iron_pickaxe":151,"minecraft:stone_button":18,"minecraft:spruce_trapdoor":6,"minecraft:cobblestone":129,"minecraft:smithing_table":2,"minecraft:bucket":1,"minecraft:glass_pane":11},"minecraft:picked_up":{"minecraft:wheat":398,"minecraft:chicken":2,"minecraft:leather_leggings":1,"minecraft:diamond_sword":1,"minecraft:wooden_pickaxe":1,"minecraft:potion":2,"minecraft:golden_sword":2,"minecraft:elytra":1,"minecraft:iron_axe":1,"minecraft:white_carpet":1,"minecraft:diamond_leggings":1,"minecraft:spruce_planks":2,"minecraft:beef":7,"minecraft:iron_pickaxe":1,"minecraft:diamond_hoe":1,"minecraft:egg":3,"minecraft:torch":2,"minecraft:porkchop":1,"minecraft:trident":1,"minecraft:carrot":491,"minecraft:arrow":132,"minecraft:diamond_chestplate":1,"minecraft:rotten_flesh":3,"minecraft:diamond_boots":1,"minecraft:gold_ingot":165,"minecraft:mutton":3,"minecraft:white_wool":2,"minecraft:cobblestone":137,"minecraft:leather_chestplate":1,"minecraft:feather":1,"minecraft:leather":6,"minecraft:potato":123,"minecraft:oak_log":139,"minecraft:dirt":73,"minecraft:cooked_mutton":3,"minecraft:leather_boots":1,"minecraft:bone":4,"minecraft:bow":1,"minecraft:wheat_seeds":1082,"minecraft:iron_ore":9,"minecraft:diamond_helmet":1,"minecraft:oak_planks":2,"minecraft:iron_sword":1,"minecraft:pumpkin":1,"minecraft:poisonous_potato":1,"minecraft:spruce_log":5,"minecraft:leather_helmet":1,"minecraft:crossbow":1,"minecraft:granite":8,"minecraft:bread":16,"minecraft:oak_sapling":5,"minecraft:coal":38,"minecraft:diamond_pickaxe":1,"minecraft:sunflower":1},"minecraft:killed_by":{"minecraft:player":1},"minecraft:mined":{"minecraft:spruce_planks":2,"minecraft:granite":10,"minecraft:grass_block":1,"minecraft:carrots":128,"minecraft:iron_ore":7,"minecraft:potatoes":35,"minecraft:stone":133,"minecraft:cobblestone":7,"minecraft:wall_torch":1,"minecraft:wheat":403,"minecraft:spruce_log":6,"minecraft:grass_path":1,"minecraft:grass":2,"minecraft:oak_log":91,"minecraft:coal_ore":37,"minecraft:dirt":6,"minecraft:oak_leaves":3},"minecraft:custom":{"minecraft:mob_kills":15,"minecraft:interact_with_anvil":1,"minecraft:interact_with_crafting_table":13,"minecraft:open_barrel":123,"minecraft:leave_game":7,"minecraft:time_since_death":40272,"minecraft:climb_one_cm":9266,"minecraft:sprint_one_cm":497683,"minecraft:walk_one_cm":416774,"minecraft:drop":22,"minecraft:talked_to_villager":1,"minecraft:deaths":4,"minecraft:sneak_time":24054,"minecraft:walk_under_water_one_cm":22877,"minecraft:interact_with_lectern":2,"minecraft:jump":1421,"minecraft:interact_with_blast_furnace":3,"minecraft:walk_on_water_one_cm":10097,"minecraft:interact_with_furnace":14,"minecraft:interact_with_cartography_table":1,"minecraft:play_one_minute":219063,"minecraft:pot_flower":1,"minecraft:interact_with_stonecutter":1,"minecraft:sleep_in_bed":2,"minecraft:time_since_rest":40292,"minecraft:damage_taken":3087,"minecraft:damage_dealt":2152,"minecraft:swim_one_cm":10929,"minecraft:fly_one_cm":1134977,"minecraft:open_chest":86,"minecraft:crouch_one_cm":56548,"minecraft:fall_one_cm":36178,"minecraft:horse_one_cm":30701}},"DataVersion":2567}