{"stats":{"minecraft:picked_up":{"minecraft:item_frame":1,"minecraft:anvil":1,"minecraft:torch":5,"minecraft:white_bed":1},"minecraft:used":{"minecraft:item_frame":1,"minecraft:torch":4,"minecraft:flint_and_steel":21,"minecraft:white_bed":1},"minecraft:custom":{"minecraft:time_since_rest":656,"minecraft:open_chest":7,"minecraft:deaths":1,"minecraft:crouch_one_cm":519,"minecraft:play_one_minute":9557,"minecraft:interact_with_furnace":2,"minecraft:sprint_one_cm":29549,"minecraft:damage_taken":590,"minecraft:walk_one_cm":37052,"minecraft:sneak_time":272,"minecraft:walk_under_water_one_cm":11180,"minecraft:jump":91,"minecraft:damage_dealt":10,"minecraft:leave_game":2,"minecraft:walk_on_water_one_cm":243,"minecraft:time_since_death":646,"minecraft:fall_one_cm":8676,"minecraft:fly_one_cm":62897},"minecraft:mined":{"minecraft:grass":1,"minecraft:white_bed":1,"minecraft:wall_torch":3,"minecraft:torch":2}},"DataVersion":1976}