{"stats":{"minecraft:mined":{"minecraft:white_bed":1,"minecraft:spruce_log":8,"minecraft:crafting_table":1,"minecraft:granite":4,"minecraft:grass":2,"minecraft:grass_block":4,"minecraft:chest":1,"minecraft:sand":5,"minecraft:dirt":37,"minecraft:cobblestone":7,"minecraft:stone":86,"minecraft:diorite":2},"minecraft:dropped":{"minecraft:dirt":1,"minecraft:spruce_log":1},"minecraft:crafted":{"minecraft:spruce_trapdoor":2,"minecraft:crafting_table":1,"minecraft:spruce_planks":32,"minecraft:chest":1,"minecraft:spruce_fence":3},"minecraft:killed_by":{"minecraft:vindicator":1,"minecraft:player":1},"minecraft:used":{"minecraft:diamond_pickaxe":99,"minecraft:iron_shovel":15,"minecraft:chicken":1,"minecraft:bread":3,"minecraft:oak_planks":1,"minecraft:chest":2,"minecraft:iron_sword":11,"minecraft:spruce_trapdoor":2,"minecraft:salmon":1,"minecraft:torch":4,"minecraft:dirt":32,"minecraft:cobblestone":14,"minecraft:crafting_table":2,"minecraft:furnace":5,"minecraft:white_bed":1,"minecraft:spruce_fence":2},"minecraft:picked_up":{"minecraft:tipped_arrow":63,"minecraft:crafting_table":1,"minecraft:stick":6,"minecraft:iron_chestplate":2,"minecraft:salmon":1,"minecraft:stone_brick_slab":3,"minecraft:torch":11,"minecraft:acacia_log":5,"minecraft:spruce_fence":1,"minecraft:sand":9,"minecraft:nether_brick_stairs":1,"minecraft:diorite":4,"minecraft:white_bed":1,"minecraft:spruce_log":9,"minecraft:dirt":50,"minecraft:iron_axe":3,"minecraft:iron_leggings":2,"minecraft:iron_shovel":6,"minecraft:arrow":4,"minecraft:spruce_planks":10,"minecraft:iron_helmet":2,"minecraft:iron_ingot":58,"minecraft:granite":4,"minecraft:bread":6,"minecraft:iron_pickaxe":3,"minecraft:oak_sapling":1,"minecraft:chest":1,"minecraft:oak_planks":1,"minecraft:iron_sword":2,"minecraft:coal":128,"minecraft:furnace":5,"minecraft:cobblestone":159,"minecraft:iron_boots":2,"minecraft:diamond_pickaxe":2},"minecraft:custom":{"minecraft:time_since_rest":17572,"minecraft:sprint_one_cm":57232,"minecraft:damage_taken":906,"minecraft:walk_one_cm":104931,"minecraft:drop":2,"minecraft:damage_dealt":315,"minecraft:interact_with_crafting_table":4,"minecraft:fly_one_cm":414419,"minecraft:player_kills":1,"minecraft:open_chest":7,"minecraft:play_one_minute":70018,"minecraft:crouch_one_cm":345,"minecraft:bell_ring":19,"minecraft:deaths":2,"minecraft:sneak_time":689,"minecraft:walk_under_water_one_cm":904,"minecraft:jump":466,"minecraft:leave_game":6,"minecraft:time_since_death":17548,"minecraft:walk_on_water_one_cm":1087,"minecraft:sleep_in_bed":1,"minecraft:fall_one_cm":7873,"minecraft:horse_one_cm":203839}},"DataVersion":1976}