{"stats":{"minecraft:mined":{"minecraft:grass":16,"minecraft:oak_leaves":4,"minecraft:stripped_oak_log":1},"minecraft:killed_by":{"minecraft:pillager":1},"minecraft:custom":{"minecraft:jump":209,"minecraft:time_since_rest":1851,"minecraft:leave_game":1,"minecraft:damage_dealt":108,"minecraft:crouch_one_cm":481,"minecraft:play_one_minute":7072,"minecraft:deaths":1,"minecraft:damage_taken":240,"minecraft:sprint_one_cm":32750,"minecraft:walk_on_water_one_cm":6225,"minecraft:time_since_death":1809,"minecraft:walk_one_cm":9299,"minecraft:sneak_time":219,"minecraft:walk_under_water_one_cm":3835,"minecraft:swim_one_cm":6891,"minecraft:fall_one_cm":4837,"minecraft:fly_one_cm":55740},"minecraft:picked_up":{"minecraft:stripped_oak_log":1,"minecraft:wheat_seeds":2}},"DataVersion":1952}