{"stats":{"minecraft:picked_up":{"minecraft:wheat":8,"minecraft:wheat_seeds":28,"minecraft:oak_log":5,"minecraft:oak_planks":4,"minecraft:dirt":7,"minecraft:oak_trapdoor":3},"minecraft:custom":{"minecraft:open_barrel":4,"minecraft:open_chest":16,"minecraft:time_since_rest":33332,"minecraft:play_one_minute":33332,"minecraft:crouch_one_cm":30149,"minecraft:interact_with_furnace":3,"minecraft:sprint_one_cm":92569,"minecraft:damage_taken":70,"minecraft:walk_one_cm":56821,"minecraft:sneak_time":9287,"minecraft:jump":284,"minecraft:interact_with_brewingstand":1,"minecraft:interact_with_blast_furnace":3,"minecraft:leave_game":4,"minecraft:time_since_death":33332,"minecraft:walk_on_water_one_cm":895,"minecraft:interact_with_smoker":2,"minecraft:climb_one_cm":6307,"minecraft:interact_with_crafting_table":9,"minecraft:fly_one_cm":43143,"minecraft:talked_to_villager":1,"minecraft:fall_one_cm":7722,"minecraft:bell_ring":2},"minecraft:used":{"minecraft:oak_trapdoor":3,"minecraft:wheat_seeds":18,"minecraft:dirt":6,"minecraft:crafting_table":1,"minecraft:bread":2},"minecraft:crafted":{"minecraft:oak_slab":6,"minecraft:oak_planks":20,"minecraft:crafting_table":2,"minecraft:oak_trapdoor":2,"minecraft:bread":2},"minecraft:mined":{"minecraft:grass_block":4,"minecraft:oak_log":5,"minecraft:oak_trapdoor":3,"minecraft:dirt":3,"minecraft:wheat":15}},"DataVersion":1952}