{"stats":{"minecraft:crafted":{"minecraft:wooden_sword":1,"minecraft:oak_door":3,"minecraft:oak_planks":660,"minecraft:oak_sign":9,"minecraft:stone_shovel":1,"minecraft:cooked_chicken":1,"minecraft:birch_slab":42,"minecraft:furnace":3,"minecraft:stone":64,"minecraft:cooked_mutton":6,"minecraft:glass":4,"minecraft:iron_boots":1,"minecraft:iron_axe":6,"minecraft:stone_pickaxe":2,"minecraft:chest":8,"minecraft:birch_door":6,"minecraft:birch_button":1,"minecraft:oak_fence":39,"minecraft:birch_sign":12,"minecraft:cooked_beef":4,"minecraft:wooden_shovel":1,"minecraft:cooked_porkchop":15,"minecraft:wooden_pickaxe":1,"minecraft:iron_helmet":1,"minecraft:iron_sword":2,"minecraft:bucket":1,"minecraft:birch_planks":720,"minecraft:bread":89,"minecraft:air":0,"minecraft:blue_dye":1,"minecraft:oak_fence_gate":1,"minecraft:iron_chestplate":1,"minecraft:wooden_hoe":1,"minecraft:diamond_pickaxe":1,"minecraft:birch_fence":57,"minecraft:stick":152,"minecraft:iron_ingot":207,"minecraft:iron_pickaxe":18,"minecraft:stone_sword":1,"minecraft:iron_shovel":4,"minecraft:iron_leggings":1,"minecraft:gold_ingot":41,"minecraft:torch":256,"minecraft:birch_stairs":232},"minecraft:custom":{"minecraft:mob_kills":44,"minecraft:inspect_hopper":1,"minecraft:interact_with_crafting_table":112,"minecraft:open_barrel":2,"minecraft:leave_game":16,"minecraft:time_since_death":46630,"minecraft:climb_one_cm":2527,"minecraft:sprint_one_cm":1669828,"minecraft:walk_one_cm":1799197,"minecraft:drop":113,"minecraft:deaths":8,"minecraft:sneak_time":834,"minecraft:walk_under_water_one_cm":16291,"minecraft:jump":8958,"minecraft:interact_with_brewingstand":1,"minecraft:walk_on_water_one_cm":49676,"minecraft:interact_with_furnace":52,"minecraft:play_one_minute":848568,"minecraft:raid_trigger":1,"minecraft:sleep_in_bed":17,"minecraft:time_since_rest":48333,"minecraft:damage_taken":5337,"minecraft:damage_dealt":8710,"minecraft:player_kills":4,"minecraft:fly_one_cm":1579676,"minecraft:open_chest":283,"minecraft:crouch_one_cm":1796,"minecraft:interact_with_smoker":5,"minecraft:fall_one_cm":181219},"minecraft:killed_by":{"minecraft:player":2,"minecraft:creeper":1,"minecraft:ravager":1,"minecraft:vindicator":2},"minecraft:dropped":{"minecraft:iron_ingot":6,"minecraft:bread":1,"minecraft:iron_sword":1,"minecraft:lapis_lazuli":3,"minecraft:birch_planks":1,"minecraft:wheat_seeds":39,"minecraft:cooked_porkchop":2,"minecraft:oak_fence":1,"minecraft:cobblestone":79,"minecraft:coal":21,"minecraft:dirt":851,"minecraft:diorite":11,"minecraft:torch":6,"minecraft:iron_axe":5,"minecraft:iron_pickaxe":1,"minecraft:birch_log":1,"minecraft:birch_stairs":93,"minecraft:redstone":64,"minecraft:furnace":1,"minecraft:wheat":5,"minecraft:rotten_flesh":1,"minecraft:light_gray_wool":1,"minecraft:oak_planks":2,"minecraft:oak_sign":3,"minecraft:diamond_sword":1,"minecraft:stone":106,"minecraft:diamond_pickaxe":1,"minecraft:oak_sapling":5,"minecraft:birch_sign":1,"minecraft:beef":4,"minecraft:stone_pickaxe":1,"minecraft:wooden_pickaxe":2},"minecraft:broken":{"minecraft:iron_shovel":1,"minecraft:stone_pickaxe":3,"minecraft:iron_axe":1,"minecraft:wooden_sword":1,"minecraft:iron_pickaxe":11,"minecraft:wooden_axe":1,"minecraft:stone_shovel":1},"minecraft:picked_up":{"minecraft:wooden_axe":1,"minecraft:wheat":303,"minecraft:crafting_table":3,"minecraft:azure_bluet":1,"minecraft:chicken":1,"minecraft:lead":4,"minecraft:diamond_sword":3,"minecraft:wooden_pickaxe":5,"minecraft:birch_button":2,"minecraft:shield":1,"minecraft:cornflower":4,"minecraft:string":5,"minecraft:iron_axe":5,"minecraft:birch_fence":12,"minecraft:glass_pane":75,"minecraft:oak_sign":12,"minecraft:beef":8,"minecraft:poppy":3,"minecraft:iron_pickaxe":3,"minecraft:light_gray_wool":1,"minecraft:chest":8,"minecraft:birch_sapling":27,"minecraft:phantom_membrane":2,"minecraft:furnace":1,"minecraft:stick":74,"minecraft:stone":53,"minecraft:oak_door":7,"minecraft:composter":2,"minecraft:oak_fence":27,"minecraft:torch":65,"minecraft:porkchop":21,"minecraft:diorite":82,"minecraft:carrot":1,"minecraft:redstone":107,"minecraft:stone_sword":3,"minecraft:arrow":10,"minecraft:rotten_flesh":23,"minecraft:mutton":7,"minecraft:white_wool":13,"minecraft:cobblestone":2706,"minecraft:oxeye_daisy":2,"minecraft:birch_log":280,"minecraft:enchanting_table":1,"minecraft:cooked_beef":4,"minecraft:birch_slab":24,"minecraft:andesite":110,"minecraft:leather":8,"minecraft:potato":30,"minecraft:birch_planks":120,"minecraft:flint":8,"minecraft:oak_log":287,"minecraft:yellow_bed":5,"minecraft:cobblestone_stairs":1,"minecraft:lapis_lazuli":34,"minecraft:wooden_hoe":1,"minecraft:dirt":1433,"minecraft:white_banner":7,"minecraft:cooked_mutton":12,"minecraft:glass":12,"minecraft:bone":4,"minecraft:chipped_anvil":1,"minecraft:apple":2,"minecraft:stone_bricks":3,"minecraft:bow":2,"minecraft:wheat_seeds":1098,"minecraft:iron_ingot":71,"minecraft:stone_pickaxe":3,"minecraft:iron_ore":317,"minecraft:iron_sword":4,"minecraft:oak_planks":221,"minecraft:oak_slab":4,"minecraft:cooked_porkchop":6,"minecraft:gravel":48,"minecraft:birch_stairs":63,"minecraft:sand":4,"minecraft:spruce_log":24,"minecraft:gold_ore":65,"minecraft:spruce_door":2,"minecraft:spider_eye":3,"minecraft:mossy_cobblestone":2,"minecraft:sugar":3,"minecraft:diamond":5,"minecraft:crossbow":1,"minecraft:granite":63,"minecraft:bone_meal":16,"minecraft:birch_sign":6,"minecraft:golden_apple":1,"minecraft:bread":13,"minecraft:oak_sapling":33,"minecraft:coal":499,"minecraft:sunflower":7,"minecraft:diamond_pickaxe":3},"minecraft:killed":{"minecraft:spider":9,"minecraft:vindicator":1,"minecraft:phantom":3,"minecraft:skeleton":4,"minecraft:chicken":1,"minecraft:pig":6,"minecraft:bat":1,"minecraft:wandering_trader":1,"minecraft:sheep":5,"minecraft:pillager":4,"minecraft:zombie":6,"minecraft:cow":3},"minecraft:mined":{"minecraft:diamond_ore":3,"minecraft:mossy_cobblestone":2,"minecraft:cobblestone_stairs":1,"minecraft:granite":59,"minecraft:acacia_log":1,"minecraft:grass_block":366,"minecraft:birch_slab":27,"minecraft:spruce_leaves":1,"minecraft:composter":1,"minecraft:oak_wall_sign":2,"minecraft:spawner":1,"minecraft:redstone_ore":24,"minecraft:iron_ore":278,"minecraft:andesite":101,"minecraft:enchanting_table":1,"minecraft:potatoes":11,"minecraft:oak_sign":5,"minecraft:birch_wall_sign":4,"minecraft:stone":2381,"minecraft:birch_stairs":66,"minecraft:oak_fence":16,"minecraft:cornflower":6,"minecraft:crafting_table":3,"minecraft:torch":14,"minecraft:poppy":3,"minecraft:chest":8,"minecraft:glass":1,"minecraft:cobblestone":100,"minecraft:lapis_ore":6,"minecraft:oak_planks":53,"minecraft:diorite":61,"minecraft:wall_torch":15,"minecraft:birch_sapling":1,"minecraft:seagrass":1,"minecraft:birch_planks":20,"minecraft:birch_log":223,"minecraft:wheat":382,"minecraft:spruce_log":24,"minecraft:birch_leaves":20,"minecraft:white_wall_banner":3,"minecraft:yellow_bed":5,"minecraft:grass_path":4,"minecraft:grass":449,"minecraft:coal_ore":475,"minecraft:oak_log":269,"minecraft:birch_button":1,"minecraft:gravel":53,"minecraft:dirt":366,"minecraft:sand":5,"minecraft:gold_ore":65,"minecraft:chipped_anvil":1,"minecraft:oak_leaves":59,"minecraft:birch_fence":12},"minecraft:used":{"minecraft:oak_fence":55,"minecraft:iron_shovel":386,"minecraft:stone_sword":25,"minecraft:stone_shovel":149,"minecraft:oak_sign":8,"minecraft:poppy":1,"minecraft:chest":13,"minecraft:iron_sword":436,"minecraft:wooden_shovel":65,"minecraft:cooked_chicken":1,"minecraft:oak_door":6,"minecraft:torch":140,"minecraft:dirt":343,"minecraft:mutton":1,"minecraft:carrot":2,"minecraft:granite":3,"minecraft:azure_bluet":1,"minecraft:oak_fence_gate":1,"minecraft:birch_door":3,"minecraft:glass":11,"minecraft:wooden_axe":19,"minecraft:iron_axe":763,"minecraft:birch_sapling":14,"minecraft:birch_button":3,"minecraft:oak_sapling":15,"minecraft:furnace":2,"minecraft:cooked_beef":4,"minecraft:wheat_seeds":485,"minecraft:cooked_mutton":11,"minecraft:water_bucket":14,"minecraft:spruce_door":1,"minecraft:birch_planks":124,"minecraft:stone_pickaxe":323,"minecraft:oak_planks":492,"minecraft:wooden_pickaxe":52,"minecraft:composter":2,"minecraft:crafting_table":3,"minecraft:birch_sign":4,"minecraft:crossbow":2,"minecraft:spruce_log":17,"minecraft:birch_fence":55,"minecraft:oak_log":73,"minecraft:wooden_hoe":55,"minecraft:diamond_pickaxe":2,"minecraft:iron_pickaxe":3199,"minecraft:birch_slab":50,"minecraft:sunflower":5,"minecraft:bread":59,"minecraft:wooden_sword":95,"minecraft:cobblestone":378,"minecraft:white_banner":6,"minecraft:cooked_porkchop":19,"minecraft:bucket":14,"minecraft:yellow_bed":5,"minecraft:birch_stairs":186}},"DataVersion":1952}