{"stat.useItem.minecraft.string":58,"stat.useItem.minecraft.quartz_block":8559,"stat.useItem.minecraft.painting":42,"stat.leaveGame":88,"stat.useItem.minecraft.beacon":7,"stat.useItem.minecraft.bookshelf":8,"stat.useItem.minecraft.diamond_sword":10,"stat.useItem.minecraft.glowstone":48,"stat.swimOneCm":47349,"stat.useItem.minecraft.snow":380,"stat.useItem.minecraft.planks":1619,"stat.climbOneCm":515,"stat.useItem.minecraft.dirt":41,"achievement.exploreAllBiomes":{"value":0,"progress":["Deep Ocean"]},"stat.useItem.minecraft.red_flower":14,"stat.useItem.minecraft.sandstone_stairs":142,"stat.useItem.minecraft.leaves2":36,"stat.useItem.minecraft.anvil":36,"stat.flyOneCm":15670805,"stat.killEntity.Villager":5,"stat.timeSinceDeath":1430518,"stat.hopperInspected":1,"stat.useItem.minecraft.sign":15,"stat.useItem.minecraft.spawn_egg":5,"stat.useItem.minecraft.wooden_slab":188,"stat.useItem.minecraft.lever":2,"stat.useItem.minecraft.oak_stairs":122,"stat.furnaceInteraction":2,"stat.useItem.minecraft.double_plant":17,"stat.useItem.minecraft.sea_lantern":142,"stat.useItem.minecraft.milk_bucket":2,"stat.useItem.minecraft.spruce_fence":9,"stat.useItem.minecraft.trapdoor":67,"stat.sprintOneCm":162002,"stat.useItem.minecraft.stained_glass":1356,"stat.useItem.minecraft.fence":89,"stat.useItem.minecraft.stone_stairs":141,"stat.useItem.minecraft.dark_oak_door":14,"stat.useItem.minecraft.stone_slab":2030,"stat.useItem.minecraft.bed":3,"achievement.openInventory":795,"stat.useItem.minecraft.stone_pressure_plate":1,"stat.useItem.minecraft.hopper":4,"stat.useItem.minecraft.dye":40,"stat.drop":6,"stat.playOneMinute":1430518,"stat.useItem.minecraft.banner":1,"stat.useItem.minecraft.jungle_stairs":9,"stat.useItem.minecraft.ladder":14,"stat.useItem.minecraft.birch_stairs":37,"stat.diveOneCm":213340,"stat.useItem.minecraft.stone":2,"stat.useItem.minecraft.quartz_stairs":806,"stat.useItem.minecraft.waterlily":8,"stat.useItem.minecraft.carpet":115,"stat.useItem.minecraft.heavy_weighted_pressure_plate":14,"stat.useItem.minecraft.potion":10,"stat.useItem.minecraft.stained_glass_pane":268,"stat.useItem.minecraft.packed_ice":55,"stat.useItem.minecraft.flower_pot":6,"stat.jump":1989,"stat.useItem.minecraft.iron_trapdoor":4,"stat.useItem.minecraft.sand":5,"stat.crouchOneCm":55230,"stat.useItem.minecraft.light_weighted_pressure_plate":3,"stat.useItem.minecraft.glass":380,"stat.useItem.minecraft.dispenser":1,"stat.useItem.minecraft.sapling":4,"stat.brewingstandInteraction":1,"stat.useItem.minecraft.stone_brick_stairs":15,"stat.useItem.minecraft.furnace":15,"stat.useItem.minecraft.gold_block":1,"stat.damageDealt":1275,"stat.useItem.minecraft.wool":1292,"stat.useItem.minecraft.iron_bars":93,"stat.flowerPotted":5,"stat.walkOneCm":1032488,"stat.useItem.minecraft.torch":5,"stat.useItem.minecraft.log":34,"stat.useItem.minecraft.cobblestone":61,"stat.useItem.minecraft.item_frame":11,"stat.useItem.minecraft.yellow_flower":5,"stat.useItem.minecraft.spruce_stairs":8,"stat.useItem.minecraft.stained_hardened_clay":1006,"stat.useItem.minecraft.leaves":159,"stat.useItem.minecraft.tallgrass":31,"stat.useItem.minecraft.glass_pane":73,"stat.useItem.minecraft.prismarine":24,"stat.useItem.minecraft.tripwire_hook":1,"stat.useItem.minecraft.barrier":1,"stat.useItem.minecraft.iron_block":111,"stat.mobKills":5,"stat.useItem.minecraft.stonebrick":43,"stat.useItem.minecraft.cobblestone_wall":574,"stat.useItem.minecraft.brewing_stand":1,"stat.useItem.minecraft.sandstone":604}