{"stats":{"minecraft:dropped":{"minecraft:pale_oak_hanging_sign":1,"largeironsign:large_iron_sign":1,"minecraft:sea_lantern":2,"extshape:white_concrete_stairs":1,"minecraft:white_concrete":5,"extshape:white_concrete_pressure_plate":1},"minecraft:picked_up":{"extshape:white_concrete_stairs":1,"minecraft:azure_bluet":4,"pfm:light_switch":1,"mcwdoors:metal_hospital_door":1,"minecraft:pale_oak_sign":1,"minecraft:lead":4,"minecraft:leather":4,"largeironsign:large_iron_sign":1,"pfm:glass_modern_pendant":2,"minecraft:cornflower":2,"extshape:white_concrete_pressure_plate":2,"mcwdoors:sliding_glass_door":1,"minecraft:wheat_seeds":57,"minecraft:poppy":7,"minecraft:pale_oak_hanging_sign":1,"pfm:white_mirror":3,"tsa:cut_birch_planks":1,"minecraft:dandelion":16,"minecraft:redstone":4,"minecraft:sea_lantern":2,"tsa:birch_table":10,"minecraft:white_concrete":5,"pfm:simple_light":2,"minecraft:oxeye_daisy":1},"minecraft:used":{"tsa:cut_birch_planks":1,"minecraft:water_bucket":196,"mcwstairs:spruce_platform":1,"mcwdoors:metal_door":14,"pfm:simple_light":6,"pfm:pale_oak_white_classic_bed":25,"techreborn:computer_cube":7,"minecraft:orange_concrete":19,"minecraft:light_gray_stained_glass_pane":13,"tsa:darkoak_park_bench":2,"pfm:stripped_pale_oak_kitchen_sink":13,"largeironsign:large_iron_sign":210,"minecraft:red_concrete":117,"minecraft:redstone":9,"extshape:light_blue_concrete_stairs":7,"mcwstairs:spruce_railing":1,"pfm:basic_sink":6,"mcwdoors:pale_oak_glass_door":12,"tsa:birch_shelf":24,"stoneworks:quartz_plates":1,"tsa:slim_birch_shelf":5,"tsa:acacia_park_bench":53,"pfm:mesh_trashcan":4,"extshape:red_concrete_vertical_quarter_piece":17,"refurbished_furniture:light_fridge":2,"minecraft:redstone_block":5,"pfm:quartz_table_basic":14,"mcwdoors:sliding_glass_door":16,"mcwdoors:pale_oak_barn_glass_door":2,"storagedrawers:pale_oak_full_drawers_4":9,"mcwdoors:pale_oak_modern_door":1,"extshape:light_blue_concrete_slab":2,"pfm:stripped_pale_oak_raw_table_log":5,"pfm:glass_modern_pendant":4,"pfm:light_switch":35,"elevatorid:elevator_white":700,"pfm:quartz_table_classic":7,"minecraft:pale_oak_sign":276,"refurbished_furniture:pale_oak_kitchen_sink":2,"pfm:quartz_chair_modern":6,"pfm:quartz_chair_dinner":2,"mcwstairs:sandstone_loft_stairs":1,"mcwstairs:mossy_cobblestone_terrace_stairs":1,"minecraft:light_blue_concrete":404,"additional_lights:fire_for_standing_torch_l":1,"factory_blocks:hazard":93,"minecraft:yellow_concrete":20,"minecraft:white_bed":2,"pfm:calcite_stoneworks_kitchen_sink":6,"minecraft:painting":1,"refurbished_furniture:light_blue_grill":1,"mcwdoors:pale_oak_japanese_door":1,"mcwdoors:pale_oak_japanese2_door":52,"refurbished_furniture:computer":2,"pfm:light_wood_chair_modern":5,"extshape:white_concrete_stairs":66,"tsa:birch_table":12,"minecraft:glass":103,"beautify:lamp_candelabra":1,"extshape:white_concrete_vertical_slab":7,"minecraft:sea_lantern":3233,"mcwdoors:birch_bark_glass_door":5,"refurbished_furniture:birch_light_ceiling_fan":1,"minecraft:light_gray_stained_glass":28,"pfm:pale_oak_lime_classic_bed":1,"minecraft:light_gray_concrete":2785,"minecraft:grass_block":2,"pfm:pale_oak_chair_modern":2,"minecraft:stone_button":6,"extshape:red_concrete_quarter_piece":5,"mcwstairs:quartz_compact_stairs":14,"pfm:quartz_table_modern_dinner":10,"minecraft:magenta_concrete":6,"refurbished_furniture:white_toilet":2,"refurbished_furniture:light_electricity_generator":2,"extshape:light_gray_concrete_button":18,"beautify:lamp_jar":1,"pfm:stripped_pale_oak_chair_modern":1,"pfm:pale_oak_green_classic_bed":1,"mcwstairs:quartz_balcony":1,"extshape:white_concrete_button":20,"minecraft:diamond_sword":24,"pfm:white_modern_pendant":1,"minecraft:redstone_lamp":43,"minecraft:lime_concrete":419,"mcwdoors:metal_windowed_door":1,"minecraft:pale_oak_hanging_sign":64,"mcwdoors:warped_nether_door":1,"beautify:acacia_picture_frame":1,"pfm:white_mirror":10,"additional_lights:standing_torch_l_polished_blackstone":1,"minecraft:glass_pane":537,"extshape:white_concrete_pressure_plate":316,"mcwdoors:metal_hospital_door":150,"minecraft:stone_pressure_plate":18,"pfm:basic_toilet":8,"minecraft:white_concrete":23434,"mcwdoors:metal_warning_door":2,"tsa:jungle_park_bench":3,"extshape:white_concrete_slab":188,"mcwdoors:store_door":12,"additional_lights:fire_pit_l_polished_diorite":1,"refurbished_furniture:light_blue_cooler":1},"minecraft:custom":{"minecraft:mob_kills":8,"minecraft:toilet_used":1,"minecraft:leave_game":16,"minecraft:time_since_death":1148488,"minecraft:sleep_in_bed":11,"minecraft:time_since_rest":252211,"minecraft:sprint_one_cm":6660,"minecraft:walk_one_cm":2427822,"minecraft:drop":11,"minecraft:damage_dealt":1349,"minecraft:talked_to_villager":3,"minecraft:fly_one_cm":4426651,"minecraft:play_time":1148488,"minecraft:sneak_time":588,"minecraft:walk_under_water_one_cm":180,"minecraft:jump":3802,"minecraft:drawer_searched":1,"minecraft:walk_on_water_one_cm":14893,"minecraft:total_world_time":1158076},"minecraft:killed":{"minecraft:wandering_trader":2,"minecraft:sheep":1,"minecraft:trader_llama":4,"pfm:chair":1}},"DataVersion":4189}