{"stats":{"minecraft:custom":{"minecraft:toilet_used":4,"minecraft:trashcan_opened":7,"minecraft:leave_game":18,"minecraft:time_since_death":820149,"minecraft:sleep_in_bed":5,"minecraft:time_since_rest":473343,"minecraft:sprint_one_cm":12195,"minecraft:walk_one_cm":1714105,"minecraft:drop":7,"minecraft:chair_used":7,"minecraft:fly_one_cm":3177814,"minecraft:crouch_one_cm":1123,"minecraft:play_time":820149,"minecraft:sneak_time":1834,"minecraft:walk_under_water_one_cm":398,"minecraft:jump":3041,"minecraft:drawer_searched":21,"minecraft:walk_on_water_one_cm":2993,"minecraft:total_world_time":820149},"minecraft:picked_up":{"mcwdoors:metal_hospital_door":1,"extshape:white_concrete_pressure_plate":5,"minecraft:wheat_seeds":1,"tsa:birch_table":2,"pfm:basic_sink":1,"extshape:white_concrete_slab":1,"minecraft:white_concrete":2,"minecraft:red_concrete":2,"extshape:white_concrete_button":3},"minecraft:dropped":{"pfm:basic_sink":1,"minecraft:red_concrete":2,"mcwdoors:metal_hospital_door":1,"minecraft:white_concrete":2,"extshape:white_concrete_slab":1},"minecraft:used":{"extshape:red_concrete_stairs":177,"minecraft:water_bucket":18,"mcwdoors:metal_door":116,"minecraft:orange_concrete":7,"techreborn:computer_cube":102,"pfm:calcite_kitchen_drawer":3,"minecraft:red_concrete":420,"pfm:wall_toilet_paper":6,"pfm:basic_sink":41,"tsa:acacia_park_bench":162,"pfm:mesh_trashcan":175,"refurbished_furniture:light_fridge":25,"pfm:trashcan":2,"pfm:dark_prismarine_stoneworks_table_modern_dinner":4,"minecraft:quartz_stairs":11,"mcwstairs:pale_oak_compact_stairs":74,"pfm:pale_oak_white_simple_bed":48,"elevatorid:elevator_white":243,"pfm:xbox_fridge":3,"pfm:quartz_table_classic":581,"beautify:iron_blinds":24,"minecraft:pale_oak_sign":44,"pfm:quartz_chair_modern":683,"minecraft:light_blue_concrete":206,"pfm:pale_oak_green_simple_bed":2,"factory_blocks:hazard":133,"refurbished_furniture:pale_oak_kitchen_storage_cabinet":8,"minecraft:yellow_concrete":28,"techreborn:distillation_tower":40,"pfm:calcite_kitchen_counter":3,"mcwdoors:pale_oak_japanese_door":1,"mcwdoors:pale_oak_japanese2_door":43,"refurbished_furniture:computer":248,"pfm:warped_green_simple_bed":2,"extshape:white_concrete_stairs":447,"beautify:lamp_light_bulb":2,"minecraft:glass":60,"extshape:red_concrete_vertical_slab":3,"minecraft:green_concrete":232,"minecraft:sea_lantern":3801,"minecraft:black_concrete":15,"minecraft:light_gray_stained_glass":173,"minecraft:light_gray_concrete":226,"pfm:dark_wood_kitchen_sink":1,"minecraft:stone_button":23,"pfm:rubber_techreborn_green_simple_bed":2,"extshape:light_gray_concrete_button":10,"extshape:white_concrete_wall":30,"pfm:cherry_green_simple_bed":1,"extshape:white_concrete_button":75,"minecraft:lime_concrete":105,"mcwdoors:metal_windowed_door":8,"extshape:black_concrete_button":2,"minecraft:pale_oak_hanging_sign":15,"pfm:white_shower_towel":2,"techreborn:debug_tool":4,"minecraft:glass_pane":199,"pfm:dark_prismarine_stoneworks_kitchen_drawer":59,"minecraft:stone_pressure_plate":6,"mcwdoors:metal_hospital_door":237,"minecraft:white_concrete":10304,"pfm:basic_toilet":16,"mcwdoors:metal_warning_door":17,"extshape:white_concrete_pressure_plate":426,"extshape:white_concrete_slab":249,"extshape:red_concrete_slab":51}},"DataVersion":4189}