{
  "minecraft:adventure/adventuring_time": {
    "criteria": {
      "minecraft:forest": "2020-10-30 22:48:35 +0100",
      "minecraft:mountains": "2020-10-30 22:44:22 +0100",
      "minecraft:taiga": "2020-10-30 22:44:00 +0100",
      "minecraft:desert": "2020-10-30 22:45:59 +0100",
      "minecraft:deep_lukewarm_ocean": "2020-10-30 22:44:12 +0100",
      "minecraft:beach": "2020-10-30 22:44:45 +0100",
      "minecraft:river": "2020-10-30 22:45:04 +0100",
      "minecraft:lukewarm_ocean": "2020-10-30 22:44:05 +0100",
      "minecraft:wooded_mountains": "2020-10-30 22:45:11 +0100",
      "minecraft:wooded_hills": "2020-10-30 22:47:32 +0100",
      "minecraft:stone_shore": "2020-10-30 22:44:30 +0100"
    },
    "done": false
  },
  "DataVersion": 2580
}