{
  "minecraft:recipes/transportation/acacia_boat": {
    "criteria": {
      "in_water": "2021-01-16 14:57:20 +0100"
    },
    "done": true
  },
  "minecraft:recipes/transportation/oak_boat": {
    "criteria": {
      "in_water": "2021-01-16 14:57:20 +0100"
    },
    "done": true
  },
  "minecraft:recipes/food/cooked_porkchop_from_campfire_cooking": {
    "criteria": {
      "has_porkchop": "2021-01-16 15:30:20 +0100"
    },
    "done": true
  },
  "minecraft:recipes/transportation/dark_oak_boat": {
    "criteria": {
      "in_water": "2021-01-16 14:57:20 +0100"
    },
    "done": true
  },
  "minecraft:recipes/food/cooked_porkchop_from_smoking": {
    "criteria": {
      "has_porkchop": "2021-01-16 15:30:20 +0100"
    },
    "done": true
  },
  "minecraft:recipes/food/cooked_porkchop": {
    "criteria": {
      "has_porkchop": "2021-01-16 15:30:20 +0100"
    },
    "done": true
  },
  "minecraft:adventure/root": {
    "criteria": {
      "killed_something": "2021-01-16 15:30:20 +0100"
    },
    "done": true
  },
  "minecraft:recipes/transportation/birch_boat": {
    "criteria": {
      "in_water": "2021-01-16 14:57:20 +0100"
    },
    "done": true
  },
  "minecraft:recipes/transportation/jungle_boat": {
    "criteria": {
      "in_water": "2021-01-16 14:57:20 +0100"
    },
    "done": true
  },
  "minecraft:recipes/transportation/spruce_boat": {
    "criteria": {
      "in_water": "2021-01-16 14:57:20 +0100"
    },
    "done": true
  },
  "minecraft:adventure/adventuring_time": {
    "criteria": {
      "minecraft:forest": "2021-01-16 14:41:09 +0100",
      "minecraft:mountains": "2021-01-16 14:49:22 +0100",
      "minecraft:taiga": "2021-01-16 14:37:11 +0100",
      "minecraft:taiga_hills": "2021-01-16 14:57:27 +0100",
      "minecraft:desert": "2021-01-16 15:22:29 +0100",
      "minecraft:deep_lukewarm_ocean": "2021-01-16 15:22:45 +0100",
      "minecraft:beach": "2021-01-16 15:22:37 +0100",
      "minecraft:river": "2021-01-16 14:49:12 +0100",
      "minecraft:lukewarm_ocean": "2021-01-16 15:17:53 +0100",
      "minecraft:wooded_mountains": "2021-01-16 15:17:12 +0100",
      "minecraft:wooded_hills": "2021-01-16 14:56:39 +0100",
      "minecraft:stone_shore": "2021-01-16 15:17:52 +0100",
      "minecraft:plains": "2021-01-16 15:05:09 +0100"
    },
    "done": false
  },
  "DataVersion": 2580
}