{
  "minecraft:recipes/misc/charcoal": {
    "criteria": {
      "has_log": "2019-07-19 19:32:44 +0200"
    },
    "done": true
  },
  "minecraft:recipes/transportation/acacia_boat": {
    "criteria": {
      "in_water": "2019-07-19 19:30:16 +0200"
    },
    "done": true
  },
  "minecraft:recipes/transportation/oak_boat": {
    "criteria": {
      "in_water": "2019-07-19 19:30:16 +0200"
    },
    "done": true
  },
  "minecraft:recipes/building_blocks/oak_planks": {
    "criteria": {
      "has_log": "2019-07-19 19:32:44 +0200"
    },
    "done": true
  },
  "minecraft:recipes/transportation/dark_oak_boat": {
    "criteria": {
      "in_water": "2019-07-19 19:30:16 +0200"
    },
    "done": true
  },
  "minecraft:adventure/root": {
    "criteria": {
      "killed_by_something": "2019-07-19 19:33:11 +0200"
    },
    "done": true
  },
  "minecraft:recipes/transportation/birch_boat": {
    "criteria": {
      "in_water": "2019-07-19 19:30:16 +0200"
    },
    "done": true
  },
  "minecraft:recipes/transportation/jungle_boat": {
    "criteria": {
      "in_water": "2019-07-19 19:30:16 +0200"
    },
    "done": true
  },
  "minecraft:recipes/transportation/spruce_boat": {
    "criteria": {
      "in_water": "2019-07-19 19:30:16 +0200"
    },
    "done": true
  },
  "minecraft:adventure/adventuring_time": {
    "criteria": {
      "minecraft:forest": "2019-07-19 19:32:57 +0200",
      "minecraft:desert": "2019-07-19 19:34:19 +0200",
      "minecraft:river": "2019-07-19 19:30:20 +0200",
      "minecraft:wooded_hills": "2019-07-19 19:32:37 +0200",
      "minecraft:savanna": "2019-07-19 19:33:36 +0200",
      "minecraft:plains": "2019-07-19 19:28:44 +0200"
    },
    "done": false
  },
  "DataVersion": 1952
}