{
  "storagedrawers:recipes/storagedrawers/cherry_drawers": {
    "criteria": {
      "has_chest": "2025-02-10 13:36:54 +0800"
    },
    "done": true
  },
  "techreborn:recipes/crafting_table/cable/glassfiber_cable_3": {
    "criteria": {
      "has_ruby_dust": "2025-02-10 13:36:54 +0800"
    },
    "done": true
  },
  "techreborn:recipes/crafting_table/cable/glassfiber_cable_8": {
    "criteria": {
      "has_electrum_dust": "2025-02-10 13:36:54 +0800",
      "has_diamond_dust": "2025-02-10 13:36:55 +0800"
    },
    "done": true
  },
  "techreborn:recipes/crafting_table/machine/launchpad": {
    "criteria": {
      "has_magnalium_plates": "2025-02-10 13:36:54 +0800",
      "has_zinc_plate": "2025-02-10 13:36:55 +0800"
    },
    "done": true
  },
  "storagedrawers:recipes/storagedrawers/portability_upgrade": {
    "criteria": {
      "has_template": "2025-02-10 13:36:54 +0800"
    },
    "done": true
  },
  "storagedrawers:recipes/storagedrawers/drawer_key": {
    "criteria": {
      "has_template": "2025-02-10 13:36:54 +0800"
    },
    "done": true
  },
  "techreborn:recipes/crafting_table/parts/diamond_grinding_head": {
    "criteria": {
      "has_steel_ingot": "2025-02-10 13:36:54 +0800"
    },
    "done": true
  },
  "storagedrawers:recipes/storagedrawers/pale_oak_drawers": {
    "criteria": {
      "has_chest": "2025-02-10 13:36:54 +0800"
    },
    "done": true
  },
  "techreborn:recipes/crafting_table/misc_block/reinforced_glass_alt": {
    "criteria": {
      "has_lead_plate": "2025-02-10 13:36:54 +0800"
    },
    "done": true
  },
  "storagedrawers:recipes/storagedrawers/detached_drawer": {
    "criteria": {
      "has_chest": "2025-02-10 13:36:54 +0800"
    },
    "done": true
  },
  "pfm:grant_book_on_first_join": {
    "criteria": {
      "tick": "2025-02-10 13:36:54 +0800"
    },
    "done": true
  },
  "storagedrawers:recipes/storagedrawers/gold_storage_upgrade": {
    "criteria": {
      "has_template": "2025-02-10 13:36:54 +0800"
    },
    "done": true
  },
  "techreborn:recipes/crafting_table/tool/painting_tool": {
    "criteria": {
      "has_bronze_ingot": "2025-02-10 13:36:54 +0800"
    },
    "done": true
  },
  "storagedrawers:recipes/storagedrawers/upgrade_template": {
    "criteria": {
      "has_chest": "2025-02-10 13:36:54 +0800"
    },
    "done": true
  },
  "techreborn:recipes/crafting_table/unit/storage/crude_storage_unit": {
    "criteria": {
      "has_barrel": "2025-02-10 13:36:54 +0800"
    },
    "done": true
  },
  "techreborn:recipes/crafting_table/misc_block/gravel": {
    "criteria": {
      "has_granite_dust": "2025-02-10 13:36:55 +0800",
      "has_andesite_dust": "2025-02-10 13:36:54 +0800",
      "has_diorite_dust": "2025-02-10 13:36:55 +0800"
    },
    "done": true
  },
  "techreborn:recipes/crafting_table/parts/energy_flow_chip": {
    "criteria": {
      "has_iridium_alloy_plate": "2025-02-10 13:36:54 +0800"
    },
    "done": true
  },
  "techreborn:recipes/crafting_table/cell": {
    "criteria": {
      "has_tin_ingot": "2025-02-10 13:36:54 +0800"
    },
    "done": true
  },
  "techreborn:recipes/crafting_table/parts/wood_plate": {
    "criteria": {
      "has_planks": "2025-02-10 13:36:54 +0800"
    },
    "done": true
  },
  "techreborn:recipes/crafting_table/machine_block/industrial_machine_casing_alt": {
    "criteria": {
      "has_chromium_plate": "2025-02-10 13:36:55 +0800"
    },
    "done": true
  },
  "techreborn:recipes/crafting_table/machine_block/industrial_machine_casing": {
    "criteria": {
      "has_chromium_plate": "2025-02-10 13:36:55 +0800"
    },
    "done": true
  },
  "storagedrawers:recipes/storagedrawers/illumination_upgrade": {
    "criteria": {
      "has_template": "2025-02-10 13:36:55 +0800"
    },
    "done": true
  },
  "techreborn:recipes/crafting_table/machine/vacuum_freezer": {
    "criteria": {
      "has_steel_plate": "2025-02-10 13:36:55 +0800"
    },
    "done": true
  },
  "techreborn:recipes/crafting_table/parts/plantball_from_saplings": {
    "criteria": {
      "has_sapling": "2025-02-10 13:36:55 +0800"
    },
    "done": true
  },
  "storagedrawers:recipes/storagedrawers/personal_key_cofh": {
    "criteria": {
      "has_template": "2025-02-10 13:36:55 +0800"
    },
    "done": true
  },
  "storagedrawers:recipes/storagedrawers/bamboo_drawers": {
    "criteria": {
      "has_chest": "2025-02-10 13:36:55 +0800"
    },
    "done": true
  },
  "techreborn:recipes/crafting_table/machine_block/basic_machine_casing_alt": {
    "criteria": {
      "has_iron_plate": "2025-02-10 13:36:55 +0800"
    },
    "done": true
  },
  "storagedrawers:recipes/storagedrawers/warped_drawers": {
    "criteria": {
      "has_chest": "2025-02-10 13:36:55 +0800"
    },
    "done": true
  },
  "techreborn:recipes/crafting_table/storage_block/iridium_reinforced_stone_storage_block": {
    "criteria": {
      "has_the_recipe": "2025-02-10 13:36:55 +0800"
    },
    "done": true
  },
  "techreborn:recipes/crafting_table/cable/glassfiber_cable_4": {
    "criteria": {
      "has_diamond_dust": "2025-02-10 13:36:55 +0800"
    },
    "done": true
  },
  "techreborn:recipes/crafting_table/cable/glassfiber_cable_6": {
    "criteria": {
      "has_diamond_dust": "2025-02-10 13:36:55 +0800"
    },
    "done": true
  },
  "techreborn:recipes/crafting_table/tool/industrial_chainsaw": {
    "criteria": {
      "has_the_recipe": "2025-02-10 13:36:55 +0800"
    },
    "done": true
  },
  "techreborn:recipes/crafting_table/machine/semi_fluid_generator_alt": {
    "criteria": {
      "has_aluminum_plate": "2025-02-10 13:36:55 +0800"
    },
    "done": true
  },
  "techreborn:recipes/crafting_table/parts/basic_display": {
    "criteria": {
      "has_refined_iron_plate": "2025-02-10 13:36:55 +0800"
    },
    "done": true
  },
  "techreborn:recipes/crafting_table/parts/digital_display": {
    "criteria": {
      "has_aluminium_plate": "2025-02-10 13:36:55 +0800"
    },
    "done": true
  },
  "techreborn:recipes/crafting_table/battery/lapotronic_orb": {
    "criteria": {
      "has_iridium_alloy_plate": "2025-02-10 13:36:55 +0800"
    },
    "done": true
  },
  "techreborn:recipes/crafting_table/parts/plantball_from_leaves": {
    "criteria": {
      "has_leaves": "2025-02-10 13:36:55 +0800"
    },
    "done": true
  },
  "techreborn:recipes/crafting_table/parts/water_coolant_cell_10k": {
    "criteria": {
      "has_tin_ingot": "2025-02-10 13:36:55 +0800"
    },
    "done": true
  },
  "storagedrawers:recipes/storagedrawers/birch_trim": {
    "criteria": {
      "has_planks": "2025-02-10 13:36:55 +0800"
    },
    "done": true
  },
  "storagedrawers:recipes/storagedrawers/crimson_drawers": {
    "criteria": {
      "has_chest": "2025-02-10 13:36:55 +0800"
    },
    "done": true
  },
  "techreborn:recipes/crafting_table/storage_block/iridium_reinforced_tungstensteel_storage_block_alt": {
    "criteria": {
      "has_tungstensteel_ingot": "2025-02-10 13:36:55 +0800",
      "has_iridium_reinforced_stone_block": "2025-02-10 13:36:55 +0800"
    },
    "done": true
  },
  "techreborn:recipes/crafting_table/armor/lithium_ion_batpack": {
    "criteria": {
      "has_aluminum_plate": "2025-02-10 13:36:55 +0800"
    },
    "done": true
  },
  "storagedrawers:recipes/storagedrawers/oak_trim": {
    "criteria": {
      "has_planks": "2025-02-10 13:36:55 +0800"
    },
    "done": true
  },
  "storagedrawers:recipes/storagedrawers/emerald_storage_upgrade": {
    "criteria": {
      "has_template": "2025-02-10 13:36:55 +0800"
    },
    "done": true
  },
  "storagedrawers:recipes/storagedrawers/obsidian_storage_upgrade": {
    "criteria": {
      "has_template": "2025-02-10 13:36:55 +0800"
    },
    "done": true
  },
  "techreborn:recipes/crafting_table/machine/industrial_centrifuge_alt": {
    "criteria": {
      "has_aluminum_plate": "2025-02-10 13:36:55 +0800"
    },
    "done": true
  },
  "techreborn:recipes/crafting_table/parts/data_storage_chip": {
    "criteria": {
      "has_iridium_ingot": "2025-02-10 13:36:55 +0800"
    },
    "done": true
  },
  "techreborn:recipes/crafting_table/misc_block/red_sand": {
    "criteria": {
      "has_netherrack_dust": "2025-02-10 13:36:55 +0800"
    },
    "done": true
  },
  "techreborn:recipes/crafting_table/tool/advanced_drill": {
    "criteria": {
      "has_titanium_ingot": "2025-02-10 13:36:55 +0800"
    },
    "done": true
  },
  "storagedrawers:recipes/storagedrawers/diamond_storage_upgrade": {
    "criteria": {
      "has_template": "2025-02-10 13:36:55 +0800"
    },
    "done": true
  },
  "storagedrawers:recipes/storagedrawers/remote_group_upgrade": {
    "criteria": {
      "has_template": "2025-02-10 13:36:55 +0800"
    },
    "done": true
  },
  "techreborn:recipes/crafting_table/machine/chemical_reactor": {
    "criteria": {
      "has_invar_plate": "2025-02-10 13:36:55 +0800"
    },
    "done": true
  },
  "techreborn:recipes/crafting_table/machine_block/advanced_machine_casing": {
    "criteria": {
      "has_steel_plate": "2025-02-10 13:36:55 +0800"
    },
    "done": true
  },
  "techreborn:recipes/crafting_table/paper": {
    "criteria": {
      "has_saw_dust": "2025-02-10 13:36:55 +0800"
    },
    "done": true
  },
  "storagedrawers:recipes/storagedrawers/crimson_trim": {
    "criteria": {
      "has_planks": "2025-02-10 13:36:55 +0800"
    },
    "done": true
  },
  "storagedrawers:recipes/storagedrawers/shroud_key": {
    "criteria": {
      "has_template": "2025-02-10 13:36:55 +0800"
    },
    "done": true
  },
  "techreborn:recipes/crafting_table/machine/fishing_station": {
    "criteria": {
      "has_sapphire_plates": "2025-02-10 13:36:55 +0800"
    },
    "done": true
  },
  "techreborn:recipes/crafting_table/machine_block/basic_machine_casing_alt_alt": {
    "criteria": {
      "has_aluminum_plate": "2025-02-10 13:36:55 +0800"
    },
    "done": true
  },
  "techreborn:recipes/crafting_table/tool/advanced_chainsaw": {
    "criteria": {
      "has_titanium_ingot": "2025-02-10 13:36:55 +0800"
    },
    "done": true
  },
  "storagedrawers:recipes/storagedrawers/oak_drawers": {
    "criteria": {
      "has_chest": "2025-02-10 13:36:55 +0800"
    },
    "done": true
  },
  "techreborn:recipes/crafting_table/parts/tungsten_grinding_head": {
    "criteria": {
      "has_steel_block": "2025-02-10 13:36:55 +0800",
      "has_tungsten_ingot": "2025-02-10 13:36:55 +0800"
    },
    "done": true
  },
  "storagedrawers:recipes/storagedrawers/min_redstone_upgrade": {
    "criteria": {
      "has_template": "2025-02-10 13:36:55 +0800"
    },
    "done": true
  },
  "storagedrawers:recipes/storagedrawers/keyring": {
    "criteria": {
      "has_template": "2025-02-10 13:36:55 +0800"
    },
    "done": true
  },
  "techreborn:recipes/crafting_table/parts/electronic_circuit": {
    "criteria": {
      "has_refined_iron_ingot": "2025-02-10 13:36:55 +0800"
    },
    "done": true
  },
  "storagedrawers:recipes/storagedrawers/personal_key": {
    "criteria": {
      "has_template": "2025-02-10 13:36:55 +0800"
    },
    "done": true
  },
  "techreborn:recipes/crafting_table/parts/neutron_reflector": {
    "criteria": {
      "has_tin_plate": "2025-02-10 13:36:55 +0800",
      "has_copper_plate": "2025-02-10 13:36:55 +0800"
    },
    "done": true
  },
  "techreborn:recipes/crafting_table/tool/industrial_jackhammer": {
    "criteria": {
      "has_the_recipe": "2025-02-10 13:36:55 +0800"
    },
    "done": true
  },
  "storagedrawers:recipes/storagedrawers/max_redstone_upgrade": {
    "criteria": {
      "has_template": "2025-02-10 13:36:55 +0800"
    },
    "done": true
  },
  "storagedrawers:recipes/storagedrawers/mangrove_drawers": {
    "criteria": {
      "has_chest": "2025-02-10 13:36:55 +0800"
    },
    "done": true
  },
  "storagedrawers:recipes/storagedrawers/birch_drawers": {
    "criteria": {
      "has_chest": "2025-02-10 13:36:55 +0800"
    },
    "done": true
  },
  "techreborn:recipes/crafting_table/misc_block/refined_iron_fence": {
    "criteria": {
      "has_refined_iron": "2025-02-10 13:36:55 +0800"
    },
    "done": true
  },
  "storagedrawers:recipes/storagedrawers/controller": {
    "criteria": {
      "has_chest": "2025-02-10 13:36:55 +0800"
    },
    "done": true
  },
  "storagedrawers:recipes/storagedrawers/bamboo_trim": {
    "criteria": {
      "has_planks": "2025-02-10 13:36:55 +0800"
    },
    "done": true
  },
  "storagedrawers:recipes/storagedrawers/controller_io": {
    "criteria": {
      "has_chest": "2025-02-10 13:36:55 +0800"
    },
    "done": true
  },
  "storagedrawers:recipes/storagedrawers/spruce_drawers": {
    "criteria": {
      "has_chest": "2025-02-10 13:36:55 +0800"
    },
    "done": true
  },
  "storagedrawers:recipes/storagedrawers/mangrove_trim": {
    "criteria": {
      "has_planks": "2025-02-10 13:36:55 +0800"
    },
    "done": true
  },
  "storagedrawers:recipes/storagedrawers/spruce_trim": {
    "criteria": {
      "has_planks": "2025-02-10 13:36:55 +0800"
    },
    "done": true
  },
  "storagedrawers:recipes/storagedrawers/quantify_key": {
    "criteria": {
      "has_template": "2025-02-10 13:36:55 +0800"
    },
    "done": true
  },
  "storagedrawers:recipes/storagedrawers/balance_fill_upgrade": {
    "criteria": {
      "has_template": "2025-02-10 13:36:55 +0800"
    },
    "done": true
  },
  "techreborn:recipes/crafting_table/machine_block/advanced_machine_casing_alt": {
    "criteria": {
      "has_steel_plate": "2025-02-10 13:36:55 +0800"
    },
    "done": true
  },
  "techreborn:recipes/crafting_table/machine/gas_turbine_alt": {
    "criteria": {
      "has_aluminum_plate": "2025-02-10 13:36:55 +0800"
    },
    "done": true
  },
  "storagedrawers:recipes/storagedrawers/one_stack_upgrade": {
    "criteria": {
      "has_template": "2025-02-10 13:36:55 +0800"
    },
    "done": true
  },
  "techreborn:recipes/crafting_table/cable/tin_cable": {
    "criteria": {
      "has_tin_ingot": "2025-02-10 13:36:55 +0800"
    },
    "done": true
  },
  "storagedrawers:recipes/storagedrawers/dark_oak_drawers": {
    "criteria": {
      "has_chest": "2025-02-10 13:36:55 +0800"
    },
    "done": true
  },
  "storagedrawers:recipes/storagedrawers/remote_upgrade": {
    "criteria": {
      "has_template": "2025-02-10 13:36:55 +0800"
    },
    "done": true
  },
  "techreborn:recipes/crafting_table/machine/elevator": {
    "criteria": {
      "has_enderpearl_dusts": "2025-02-10 13:36:55 +0800",
      "has_zinc_plate": "2025-02-10 13:36:55 +0800"
    },
    "done": true
  },
  "storagedrawers:recipes/storagedrawers/acacia_trim": {
    "criteria": {
      "has_planks": "2025-02-10 13:36:55 +0800"
    },
    "done": true
  },
  "storagedrawers:recipes/storagedrawers/priority_key": {
    "criteria": {
      "has_template": "2025-02-10 13:36:55 +0800"
    },
    "done": true
  },
  "storagedrawers:recipes/storagedrawers/cherry_trim": {
    "criteria": {
      "has_planks": "2025-02-10 13:36:55 +0800"
    },
    "done": true
  },
  "techreborn:recipes/crafting_table/battery/lapotron_crystal": {
    "criteria": {
      "has_lazurite_plate": "2025-02-10 13:36:55 +0800"
    },
    "done": true
  },
  "storagedrawers:recipes/storagedrawers/framing_table": {
    "criteria": {
      "has_chest": "2025-02-10 13:36:55 +0800"
    },
    "done": true
  },
  "techreborn:recipes/crafting_table/parts/plantball_from_grass_variants": {
    "criteria": {
      "has_grass_variant": "2025-02-10 13:36:55 +0800"
    },
    "done": true
  },
  "techreborn:recipes/crafting_table/parts/carbon_fiber": {
    "criteria": {
      "has_coal_dust": "2025-02-10 13:36:55 +0800"
    },
    "done": true
  },
  "storagedrawers:recipes/storagedrawers/jungle_drawers": {
    "criteria": {
      "has_chest": "2025-02-10 13:36:55 +0800"
    },
    "done": true
  },
  "techreborn:recipes/crafting_table/machine_block/basic_machine_frame": {
    "criteria": {
      "has_refined_iron_ingot": "2025-02-10 13:36:55 +0800"
    },
    "done": true
  },
  "techreborn:recipes/crafting_table/tool/treetap": {
    "criteria": {
      "has_planks": "2025-02-10 13:36:55 +0800"
    },
    "done": true
  },
  "storagedrawers:recipes/storagedrawers/void_upgrade": {
    "criteria": {
      "has_template": "2025-02-10 13:36:55 +0800"
    },
    "done": true
  },
  "storagedrawers:recipes/storagedrawers/fill_level_upgrade": {
    "criteria": {
      "has_template": "2025-02-10 13:36:55 +0800"
    },
    "done": true
  },
  "techreborn:recipes/crafting_table/tool/advanced_jackhammer": {
    "criteria": {
      "has_titanium_ingot": "2025-02-10 13:36:55 +0800"
    },
    "done": true
  },
  "techreborn:recipes/crafting_table/tool/wrench": {
    "criteria": {
      "has_bronze_ingot": "2025-02-10 13:36:55 +0800"
    },
    "done": true
  },
  "techreborn:recipes/crafting_table/misc_block/reinforced_glass": {
    "criteria": {
      "has_lead_plate": "2025-02-10 13:36:55 +0800"
    },
    "done": true
  },
  "storagedrawers:recipes/storagedrawers/iron_storage_upgrade": {
    "criteria": {
      "has_template": "2025-02-10 13:36:55 +0800"
    },
    "done": true
  },
  "techreborn:recipes/crafting_table/storage_block/iridium_reinforced_tungstensteel_storage_block": {
    "criteria": {
      "has_iridium_plate": "2025-02-10 13:36:55 +0800",
      "has_tungstensteel_block": "2025-02-10 13:36:55 +0800"
    },
    "done": true
  },
  "techreborn:recipes/crafting_table/parts/diamond_saw_blade": {
    "criteria": {
      "has_steel_ingot": "2025-02-10 13:36:55 +0800"
    },
    "done": true
  },
  "storagedrawers:recipes/storagedrawers/compacting_drawers": {
    "criteria": {
      "has_chest": "2025-02-10 13:36:55 +0800"
    },
    "done": true
  },
  "techreborn:recipes/crafting_table/tool/industrial_drill": {
    "criteria": {
      "has_the_recipe": "2025-02-10 13:36:55 +0800"
    },
    "done": true
  },
  "techreborn:recipes/crafting_table/ingot/iridium_alloy_ingot": {
    "criteria": {
      "has_iridium_plate": "2025-02-10 13:36:55 +0800"
    },
    "done": true
  },
  "storagedrawers:recipes/storagedrawers/acacia_drawers": {
    "criteria": {
      "has_chest": "2025-02-10 13:36:55 +0800"
    },
    "done": true
  },
  "storagedrawers:recipes/storagedrawers/pale_oak_trim": {
    "criteria": {
      "has_planks": "2025-02-10 13:36:55 +0800"
    },
    "done": true
  },
  "storagedrawers:recipes/storagedrawers/drawer_puller": {
    "criteria": {
      "has_template": "2025-02-10 13:36:55 +0800"
    },
    "done": true
  },
  "techreborn:recipes/crafting_table/parts/iridium_neutron_reflector": {
    "criteria": {
      "has_iridium_ingot": "2025-02-10 13:36:55 +0800"
    },
    "done": true
  },
  "techreborn:recipes/crafting_table/machine_block/industrial_machine_frame": {
    "criteria": {
      "has_titanium_plate": "2025-02-10 13:36:55 +0800",
      "has_chromium_plate": "2025-02-10 13:36:55 +0800"
    },
    "done": true
  },
  "techreborn:recipes/crafting_table/armor/quantum_chestplate": {
    "criteria": {
      "has_tungstensteel_plate": "2025-02-10 13:36:55 +0800"
    },
    "done": true
  },
  "techreborn:recipes/crafting_table/ingot/mixed_metal_ingot": {
    "criteria": {
      "has_bronze_ingot": "2025-02-10 13:36:55 +0800"
    },
    "done": true
  },
  "techreborn:recipes/crafting_table/unit/storage/storage_buffer": {
    "criteria": {
      "has_wood_plate": "2025-02-10 13:36:55 +0800"
    },
    "done": true
  },
  "techreborn:recipes/crafting_table/machine/assembling_machine": {
    "criteria": {
      "has_electrum_plate": "2025-02-10 13:36:55 +0800"
    },
    "done": true
  },
  "storagedrawers:recipes/storagedrawers/warped_trim": {
    "criteria": {
      "has_planks": "2025-02-10 13:36:55 +0800"
    },
    "done": true
  },
  "techreborn:recipes/crafting_table/parts/data_storage_core": {
    "criteria": {
      "has_peridot_plate": "2025-02-10 13:36:55 +0800"
    },
    "done": true
  },
  "storagedrawers:recipes/storagedrawers/jungle_trim": {
    "criteria": {
      "has_planks": "2025-02-10 13:36:55 +0800"
    },
    "done": true
  },
  "techreborn:recipes/crafting_table/ingot/mixed_metal_ingot_alt": {
    "criteria": {
      "has_brass_ingot": "2025-02-10 13:36:55 +0800"
    },
    "done": true
  },
  "techreborn:recipes/crafting_table/armor/quantum_leggings": {
    "criteria": {
      "has_tungstensteel_plate": "2025-02-10 13:36:55 +0800"
    },
    "done": true
  },
  "storagedrawers:recipes/storagedrawers/redstone_upgrade": {
    "criteria": {
      "has_template": "2025-02-10 13:36:55 +0800"
    },
    "done": true
  },
  "techreborn:recipes/extractor/paper_from_written_book": {
    "criteria": {
      "has_written_book": "2025-02-10 13:36:55 +0800"
    },
    "done": true
  },
  "techreborn:recipes/crafting_table/battery/red_cell_battery": {
    "criteria": {
      "has_lead_ingot": "2025-02-10 13:36:55 +0800"
    },
    "done": true
  },
  "storagedrawers:recipes/storagedrawers/dark_oak_trim": {
    "criteria": {
      "has_planks": "2025-02-10 13:36:55 +0800"
    },
    "done": true
  },
  "techreborn:recipes/crafting_table/machine/diesel_generator_alt": {
    "criteria": {
      "has_aluminum_plate": "2025-02-10 13:36:55 +0800"
    },
    "done": true
  },
  "minecraft:recipes/decorations/crafting_table": {
    "criteria": {
      "unlock_right_away": "2025-02-10 13:36:56 +0800"
    },
    "done": true
  },
  "beautify:progression/root": {
    "criteria": {
      "Install": "2025-02-10 13:36:56 +0800"
    },
    "done": true
  },
  "minecraft:recipe/building_blocks/carpentry_table": {
    "criteria": {
      "unlock_right_away": "2025-02-10 13:36:56 +0800"
    },
    "done": true
  },
  "minecraft:adventure/adventuring_time": {
    "criteria": {
      "minecraft:plains": "2025-02-10 13:36:56 +0800"
    },
    "done": false
  },
  "minecraft:adventure/sleep_in_bed": {
    "criteria": {
      "slept_in_bed": "2025-02-10 13:39:54 +0800"
    },
    "done": true
  },
  "techreborn:recipes/chemical_reactor/glowstone": {
    "criteria": {
      "has_sea_lantern": "2025-02-10 13:56:46 +0800"
    },
    "done": true
  },
  "extshape:recipes/building_blocks/sea_lantern_slab": {
    "criteria": {
      "has_sea_lantern": "2025-02-10 13:56:46 +0800"
    },
    "done": true
  },
  "extshape:recipes/building_blocks/sea_lantern_stairs": {
    "criteria": {
      "has_sea_lantern": "2025-02-10 13:56:46 +0800"
    },
    "done": true
  },
  "pfm:recipes/furniture/concrete_kitchen_wall_counter": {
    "criteria": {
      "has_planks": "2025-02-10 13:58:04 +0800"
    },
    "done": true
  },
  "pfm:recipes/furniture/dark_concrete_kitchen_cabinet": {
    "criteria": {
      "has_planks": "2025-02-10 13:58:04 +0800"
    },
    "done": true
  },
  "extshape:recipes/decorations/white_concrete_wall": {
    "criteria": {
      "has_white_concrete": "2025-02-10 13:58:04 +0800"
    },
    "done": true
  },
  "pfm:recipes/furniture/white_stove": {
    "criteria": {
      "has_white_concrete": "2025-02-10 13:58:04 +0800"
    },
    "done": true
  },
  "pfm:recipes/furniture/dark_concrete_kitchen_counter_oven": {
    "criteria": {
      "has_planks": "2025-02-10 13:58:04 +0800"
    },
    "done": true
  },
  "extshape:recipes/building_blocks/white_concrete_slab_from_stonecutting": {
    "criteria": {
      "has_base_block": "2025-02-10 13:58:04 +0800"
    },
    "done": true
  },
  "pfm:recipes/furniture/basic_plate": {
    "criteria": {
      "has_white_concrete": "2025-02-10 13:58:04 +0800"
    },
    "done": true
  },
  "extshape:recipes/building_blocks/white_concrete_vertical_slab_from_stonecutting": {
    "criteria": {
      "has_base_block": "2025-02-10 13:58:04 +0800"
    },
    "done": true
  },
  "pfm:recipes/furniture/smooth_stone_kitchen_sink": {
    "criteria": {
      "has_planks": "2025-02-10 13:58:04 +0800"
    },
    "done": true
  },
  "pfm:recipes/furniture/white_modern_stool": {
    "criteria": {
      "has_planks": "2025-02-10 13:58:04 +0800"
    },
    "done": true
  },
  "pfm:recipes/furniture/white_mirror": {
    "criteria": {
      "has_white_concrete": "2025-02-10 13:58:04 +0800"
    },
    "done": true
  },
  "pfm:recipes/furniture/dark_concrete_kitchen_wall_drawer": {
    "criteria": {
      "has_planks": "2025-02-10 13:58:04 +0800"
    },
    "done": true
  },
  "pfm:recipes/furniture/concrete_kitchen_counter": {
    "criteria": {
      "has_planks": "2025-02-10 13:58:04 +0800"
    },
    "done": true
  },
  "extshape:recipes/building_blocks/white_concrete_vertical_stairs_from_stonecutting": {
    "criteria": {
      "has_base_block": "2025-02-10 13:58:04 +0800"
    },
    "done": true
  },
  "pfm:recipes/furniture/concrete_kitchen_drawer": {
    "criteria": {
      "has_planks": "2025-02-10 13:58:04 +0800"
    },
    "done": true
  },
  "extshape:recipes/decorations/white_concrete_wall_from_stonecutting": {
    "criteria": {
      "has_base_block": "2025-02-10 13:58:04 +0800"
    },
    "done": true
  },
  "extshape:recipes/decorations/white_concrete_fence": {
    "criteria": {
      "has_white_concrete": "2025-02-10 13:58:04 +0800"
    },
    "done": true
  },
  "extshape:recipes/building_blocks/white_concrete_vertical_quarter_piece_from_stonecutting": {
    "criteria": {
      "has_base_block": "2025-02-10 13:58:04 +0800"
    },
    "done": true
  },
  "pfm:recipes/furniture/smooth_stone_kitchen_counter": {
    "criteria": {
      "has_planks": "2025-02-10 13:58:04 +0800"
    },
    "done": true
  },
  "extshape:recipes/redstone/white_concrete_fence_gate": {
    "criteria": {
      "has_white_concrete": "2025-02-10 13:58:04 +0800"
    },
    "done": true
  },
  "techreborn:recipes/grinder/white_concrete_powder_from_concrete": {
    "criteria": {
      "has_white_concrete": "2025-02-10 13:58:04 +0800"
    },
    "done": true
  },
  "pfm:recipes/furniture/white_freezer": {
    "criteria": {
      "has_white_concrete": "2025-02-10 13:58:04 +0800"
    },
    "done": true
  },
  "pfm:recipes/furniture/dark_concrete_kitchen_wall_small_drawer": {
    "criteria": {
      "has_planks": "2025-02-10 13:58:04 +0800"
    },
    "done": true
  },
  "pfm:recipes/furniture/concrete_kitchen_sink": {
    "criteria": {
      "has_planks": "2025-02-10 13:58:04 +0800"
    },
    "done": true
  },
  "extshape:recipes/building_blocks/white_concrete_stairs_from_stonecutting": {
    "criteria": {
      "has_base_block": "2025-02-10 13:58:04 +0800"
    },
    "done": true
  },
  "pfm:recipes/furniture/white_oven_range_hood": {
    "criteria": {
      "has_white_concrete": "2025-02-10 13:58:04 +0800"
    },
    "done": true
  },
  "pfm:recipes/furniture/white_fridge": {
    "criteria": {
      "has_white_concrete": "2025-02-10 13:58:04 +0800"
    },
    "done": true
  },
  "extshape:recipes/building_blocks/white_concrete_quarter_piece_from_stonecutting": {
    "criteria": {
      "has_base_block": "2025-02-10 13:58:04 +0800"
    },
    "done": true
  },
  "extshape:recipes/building_blocks/white_concrete_stairs": {
    "criteria": {
      "has_white_concrete": "2025-02-10 13:58:04 +0800"
    },
    "done": true
  },
  "pfm:recipes/furniture/smooth_stone_kitchen_wall_counter": {
    "criteria": {
      "has_planks": "2025-02-10 13:58:04 +0800"
    },
    "done": true
  },
  "extshape:recipes/building_blocks/white_concrete_slab": {
    "criteria": {
      "has_white_concrete": "2025-02-10 13:58:04 +0800"
    },
    "done": true
  },
  "pfm:recipes/furniture/white_modern_pendant": {
    "criteria": {
      "has_white_concrete": "2025-02-10 13:58:04 +0800"
    },
    "done": true
  },
  "extshape:recipes/redstone/white_concrete_pressure_plate": {
    "criteria": {
      "has_white_concrete": "2025-02-10 13:58:04 +0800"
    },
    "done": true
  },
  "extshape:recipes/redstone/white_concrete_button": {
    "criteria": {
      "has_white_concrete": "2025-02-10 13:58:04 +0800"
    },
    "done": true
  },
  "pfm:recipes/furniture/smooth_stone_kitchen_drawer": {
    "criteria": {
      "has_planks": "2025-02-10 13:58:04 +0800"
    },
    "done": true
  },
  "extshape:recipes/redstone/light_gray_concrete_button": {
    "criteria": {
      "has_light_gray_concrete": "2025-02-10 13:59:29 +0800"
    },
    "done": true
  },
  "extshape:recipes/building_blocks/light_gray_concrete_vertical_quarter_piece_from_stonecutting": {
    "criteria": {
      "has_base_block": "2025-02-10 13:59:29 +0800"
    },
    "done": true
  },
  "extshape:recipes/decorations/light_gray_concrete_wall_from_stonecutting": {
    "criteria": {
      "has_base_block": "2025-02-10 13:59:29 +0800"
    },
    "done": true
  },
  "extshape:recipes/redstone/light_gray_concrete_pressure_plate": {
    "criteria": {
      "has_light_gray_concrete": "2025-02-10 13:59:29 +0800"
    },
    "done": true
  },
  "extshape:recipes/decorations/light_gray_concrete_wall": {
    "criteria": {
      "has_light_gray_concrete": "2025-02-10 13:59:29 +0800"
    },
    "done": true
  },
  "extshape:recipes/building_blocks/light_gray_concrete_vertical_stairs_from_stonecutting": {
    "criteria": {
      "has_base_block": "2025-02-10 13:59:29 +0800"
    },
    "done": true
  },
  "extshape:recipes/building_blocks/light_gray_concrete_quarter_piece_from_stonecutting": {
    "criteria": {
      "has_base_block": "2025-02-10 13:59:29 +0800"
    },
    "done": true
  },
  "extshape:recipes/building_blocks/light_gray_concrete_slab": {
    "criteria": {
      "has_light_gray_concrete": "2025-02-10 13:59:29 +0800"
    },
    "done": true
  },
  "extshape:recipes/decorations/light_gray_concrete_fence": {
    "criteria": {
      "has_light_gray_concrete": "2025-02-10 13:59:29 +0800"
    },
    "done": true
  },
  "extshape:recipes/redstone/light_gray_concrete_fence_gate": {
    "criteria": {
      "has_light_gray_concrete": "2025-02-10 13:59:29 +0800"
    },
    "done": true
  },
  "extshape:recipes/building_blocks/light_gray_concrete_stairs": {
    "criteria": {
      "has_light_gray_concrete": "2025-02-10 13:59:29 +0800"
    },
    "done": true
  },
  "pfm:recipes/furniture/basic_cutlery": {
    "criteria": {
      "has_light_gray_concrete": "2025-02-10 13:59:29 +0800"
    },
    "done": true
  },
  "extshape:recipes/building_blocks/light_gray_concrete_stairs_from_stonecutting": {
    "criteria": {
      "has_base_block": "2025-02-10 13:59:29 +0800"
    },
    "done": true
  },
  "extshape:recipes/building_blocks/light_gray_concrete_slab_from_stonecutting": {
    "criteria": {
      "has_base_block": "2025-02-10 13:59:29 +0800"
    },
    "done": true
  },
  "pfm:recipes/furniture/light_gray_dark_oak_modern_stool": {
    "criteria": {
      "has_planks": "2025-02-10 13:59:29 +0800"
    },
    "done": true
  },
  "extshape:recipes/building_blocks/light_gray_concrete_vertical_slab_from_stonecutting": {
    "criteria": {
      "has_base_block": "2025-02-10 13:59:29 +0800"
    },
    "done": true
  },
  "techreborn:recipes/grinder/light_gray_concrete_powder_from_concrete": {
    "criteria": {
      "has_light_gray_concrete": "2025-02-10 13:59:29 +0800"
    },
    "done": true
  },
  "minecraft:recipes/decorations/chest": {
    "criteria": {
      "has_lots_of_items": "2025-02-10 14:09:17 +0800"
    },
    "done": true
  },
  "techreborn:recipes/crafting_table/machine/player_detector": {
    "criteria": {
      "has_computer_cube": "2025-02-10 14:15:22 +0800"
    },
    "done": true
  },
  "techreborn:recipes/industrial_sawmill/saw_dust_from_wooden_doors": {
    "criteria": {
      "has_tag_minecraft_wooden_doors": "2025-02-10 14:20:23 +0800"
    },
    "done": true
  },
  "techreborn:recipes/grinder/saw_small_dust_from_wooden_doors": {
    "criteria": {
      "has_tag_minecraft_wooden_doors": "2025-02-10 14:20:23 +0800"
    },
    "done": true
  },
  "extshape:recipes/building_blocks/red_concrete_quarter_piece_from_stonecutting": {
    "criteria": {
      "has_base_block": "2025-02-10 15:40:43 +0800"
    },
    "done": true
  },
  "extshape:recipes/redstone/red_concrete_button": {
    "criteria": {
      "has_red_concrete": "2025-02-10 15:40:44 +0800"
    },
    "done": true
  },
  "extshape:recipes/redstone/red_concrete_fence_gate": {
    "criteria": {
      "has_red_concrete": "2025-02-10 15:40:44 +0800"
    },
    "done": true
  },
  "extshape:recipes/building_blocks/red_concrete_slab": {
    "criteria": {
      "has_red_concrete": "2025-02-10 15:40:44 +0800"
    },
    "done": true
  },
  "extshape:recipes/building_blocks/red_concrete_vertical_stairs_from_stonecutting": {
    "criteria": {
      "has_base_block": "2025-02-10 15:40:44 +0800"
    },
    "done": true
  },
  "extshape:recipes/building_blocks/red_concrete_stairs_from_stonecutting": {
    "criteria": {
      "has_base_block": "2025-02-10 15:40:44 +0800"
    },
    "done": true
  },
  "extshape:recipes/decorations/red_concrete_fence": {
    "criteria": {
      "has_red_concrete": "2025-02-10 15:40:44 +0800"
    },
    "done": true
  },
  "extshape:recipes/decorations/red_concrete_wall_from_stonecutting": {
    "criteria": {
      "has_base_block": "2025-02-10 15:40:44 +0800"
    },
    "done": true
  },
  "techreborn:recipes/grinder/red_concrete_powder_from_concrete": {
    "criteria": {
      "has_red_concrete": "2025-02-10 15:40:44 +0800"
    },
    "done": true
  },
  "extshape:recipes/building_blocks/red_concrete_slab_from_stonecutting": {
    "criteria": {
      "has_base_block": "2025-02-10 15:40:44 +0800"
    },
    "done": true
  },
  "extshape:recipes/redstone/red_concrete_pressure_plate": {
    "criteria": {
      "has_red_concrete": "2025-02-10 15:40:44 +0800"
    },
    "done": true
  },
  "extshape:recipes/building_blocks/red_concrete_stairs": {
    "criteria": {
      "has_red_concrete": "2025-02-10 15:40:44 +0800"
    },
    "done": true
  },
  "extshape:recipes/decorations/red_concrete_wall": {
    "criteria": {
      "has_red_concrete": "2025-02-10 15:40:44 +0800"
    },
    "done": true
  },
  "extshape:recipes/building_blocks/red_concrete_vertical_quarter_piece_from_stonecutting": {
    "criteria": {
      "has_base_block": "2025-02-10 15:40:44 +0800"
    },
    "done": true
  },
  "extshape:recipes/building_blocks/red_concrete_vertical_slab_from_stonecutting": {
    "criteria": {
      "has_base_block": "2025-02-10 15:40:44 +0800"
    },
    "done": true
  },
  "extshape:recipes/building_blocks/red_concrete_vertical_stairs": {
    "criteria": {
      "has_stairs": "2025-02-10 15:41:40 +0800"
    },
    "done": true
  },
  "extshape:recipes/building_blocks/red_concrete_quarter_piece_from_stairs_stonecutting": {
    "criteria": {
      "has_stairs": "2025-02-10 15:41:40 +0800"
    },
    "done": true
  },
  "minecraft:recipes/decorations/light_gray_stained_glass_pane": {
    "criteria": {
      "has_glass": "2025-02-10 15:43:45 +0800"
    },
    "done": true
  },
  "extshape:recipes/building_blocks/quartz_vertical_stairs": {
    "criteria": {
      "has_stairs": "2025-02-10 16:19:46 +0800"
    },
    "done": true
  },
  "extshape:recipes/building_blocks/quartz_quarter_piece_from_stairs_stonecutting": {
    "criteria": {
      "has_stairs": "2025-02-10 16:19:46 +0800"
    },
    "done": true
  },
  "extshape:recipes/building_blocks/white_concrete_vertical_stairs": {
    "criteria": {
      "has_stairs": "2025-02-10 16:22:48 +0800"
    },
    "done": true
  },
  "extshape:recipes/building_blocks/white_concrete_quarter_piece_from_stairs_stonecutting": {
    "criteria": {
      "has_stairs": "2025-02-10 16:22:48 +0800"
    },
    "done": true
  },
  "extshape:recipes/building_blocks/white_concrete_quarter_piece_from_slab_stonecutting": {
    "criteria": {
      "has_slab": "2025-02-10 16:23:32 +0800"
    },
    "done": true
  },
  "extshape:recipes/building_blocks/white_concrete_quarter_piece_from_slab": {
    "criteria": {
      "has_slab": "2025-02-10 16:23:33 +0800"
    },
    "done": true
  },
  "extshape:recipes/building_blocks/white_concrete_vertical_slab": {
    "criteria": {
      "has_slab": "2025-02-10 16:23:33 +0800"
    },
    "done": true
  },
  "extshape:recipes/building_blocks/red_concrete_quarter_piece_from_slab_stonecutting": {
    "criteria": {
      "has_slab": "2025-02-10 16:28:42 +0800"
    },
    "done": true
  },
  "extshape:recipes/building_blocks/red_concrete_quarter_piece_from_slab": {
    "criteria": {
      "has_slab": "2025-02-10 16:28:42 +0800"
    },
    "done": true
  },
  "extshape:recipes/building_blocks/red_concrete_vertical_slab": {
    "criteria": {
      "has_slab": "2025-02-10 16:28:42 +0800"
    },
    "done": true
  },
  "extshape:recipes/building_blocks/lime_concrete_quarter_piece_from_stonecutting": {
    "criteria": {
      "has_base_block": "2025-02-10 17:09:27 +0800"
    },
    "done": true
  },
  "extshape:recipes/building_blocks/lime_concrete_stairs": {
    "criteria": {
      "has_lime_concrete": "2025-02-10 17:09:27 +0800"
    },
    "done": true
  },
  "extshape:recipes/building_blocks/lime_concrete_stairs_from_stonecutting": {
    "criteria": {
      "has_base_block": "2025-02-10 17:09:27 +0800"
    },
    "done": true
  },
  "extshape:recipes/building_blocks/lime_concrete_slab_from_stonecutting": {
    "criteria": {
      "has_base_block": "2025-02-10 17:09:27 +0800"
    },
    "done": true
  },
  "extshape:recipes/decorations/lime_concrete_fence": {
    "criteria": {
      "has_lime_concrete": "2025-02-10 17:09:27 +0800"
    },
    "done": true
  },
  "extshape:recipes/building_blocks/lime_concrete_vertical_quarter_piece_from_stonecutting": {
    "criteria": {
      "has_base_block": "2025-02-10 17:09:27 +0800"
    },
    "done": true
  },
  "extshape:recipes/redstone/lime_concrete_pressure_plate": {
    "criteria": {
      "has_lime_concrete": "2025-02-10 17:09:27 +0800"
    },
    "done": true
  },
  "extshape:recipes/building_blocks/lime_concrete_vertical_slab_from_stonecutting": {
    "criteria": {
      "has_base_block": "2025-02-10 17:09:27 +0800"
    },
    "done": true
  },
  "pfm:recipes/furniture/froggy_chair": {
    "criteria": {
      "has_concrete": "2025-02-10 17:09:27 +0800"
    },
    "done": true
  },
  "extshape:recipes/building_blocks/lime_concrete_slab": {
    "criteria": {
      "has_lime_concrete": "2025-02-10 17:09:27 +0800"
    },
    "done": true
  },
  "extshape:recipes/decorations/lime_concrete_wall": {
    "criteria": {
      "has_lime_concrete": "2025-02-10 17:09:27 +0800"
    },
    "done": true
  },
  "extshape:recipes/building_blocks/lime_concrete_vertical_stairs_from_stonecutting": {
    "criteria": {
      "has_base_block": "2025-02-10 17:09:27 +0800"
    },
    "done": true
  },
  "extshape:recipes/redstone/lime_concrete_fence_gate": {
    "criteria": {
      "has_lime_concrete": "2025-02-10 17:09:27 +0800"
    },
    "done": true
  },
  "extshape:recipes/redstone/lime_concrete_button": {
    "criteria": {
      "has_lime_concrete": "2025-02-10 17:09:27 +0800"
    },
    "done": true
  },
  "techreborn:recipes/grinder/lime_concrete_powder_from_concrete": {
    "criteria": {
      "has_lime_concrete": "2025-02-10 17:09:27 +0800"
    },
    "done": true
  },
  "extshape:recipes/decorations/lime_concrete_wall_from_stonecutting": {
    "criteria": {
      "has_base_block": "2025-02-10 17:09:28 +0800"
    },
    "done": true
  },
  "extshape:recipes/decorations/light_blue_concrete_wall": {
    "criteria": {
      "has_light_blue_concrete": "2025-02-10 17:11:03 +0800"
    },
    "done": true
  },
  "extshape:recipes/redstone/light_blue_concrete_fence_gate": {
    "criteria": {
      "has_light_blue_concrete": "2025-02-10 17:11:03 +0800"
    },
    "done": true
  },
  "extshape:recipes/building_blocks/light_blue_concrete_quarter_piece_from_stonecutting": {
    "criteria": {
      "has_base_block": "2025-02-10 17:11:03 +0800"
    },
    "done": true
  },
  "pfm:recipes/furniture/froggy_chair_light_blue": {
    "criteria": {
      "has_concrete": "2025-02-10 17:11:03 +0800"
    },
    "done": true
  },
  "extshape:recipes/building_blocks/light_blue_concrete_vertical_stairs_from_stonecutting": {
    "criteria": {
      "has_base_block": "2025-02-10 17:11:03 +0800"
    },
    "done": true
  },
  "extshape:recipes/decorations/light_blue_concrete_wall_from_stonecutting": {
    "criteria": {
      "has_base_block": "2025-02-10 17:11:03 +0800"
    },
    "done": true
  },
  "extshape:recipes/redstone/light_blue_concrete_pressure_plate": {
    "criteria": {
      "has_light_blue_concrete": "2025-02-10 17:11:03 +0800"
    },
    "done": true
  },
  "extshape:recipes/decorations/light_blue_concrete_fence": {
    "criteria": {
      "has_light_blue_concrete": "2025-02-10 17:11:03 +0800"
    },
    "done": true
  },
  "extshape:recipes/building_blocks/light_blue_concrete_slab_from_stonecutting": {
    "criteria": {
      "has_base_block": "2025-02-10 17:11:03 +0800"
    },
    "done": true
  },
  "extshape:recipes/building_blocks/light_blue_concrete_slab": {
    "criteria": {
      "has_light_blue_concrete": "2025-02-10 17:11:03 +0800"
    },
    "done": true
  },
  "extshape:recipes/building_blocks/light_blue_concrete_stairs": {
    "criteria": {
      "has_light_blue_concrete": "2025-02-10 17:11:03 +0800"
    },
    "done": true
  },
  "extshape:recipes/building_blocks/light_blue_concrete_stairs_from_stonecutting": {
    "criteria": {
      "has_base_block": "2025-02-10 17:11:03 +0800"
    },
    "done": true
  },
  "extshape:recipes/building_blocks/light_blue_concrete_vertical_quarter_piece_from_stonecutting": {
    "criteria": {
      "has_base_block": "2025-02-10 17:11:03 +0800"
    },
    "done": true
  },
  "extshape:recipes/redstone/light_blue_concrete_button": {
    "criteria": {
      "has_light_blue_concrete": "2025-02-10 17:11:03 +0800"
    },
    "done": true
  },
  "techreborn:recipes/grinder/light_blue_concrete_powder_from_concrete": {
    "criteria": {
      "has_light_blue_concrete": "2025-02-10 17:11:03 +0800"
    },
    "done": true
  },
  "extshape:recipes/building_blocks/light_blue_concrete_vertical_slab_from_stonecutting": {
    "criteria": {
      "has_base_block": "2025-02-10 17:11:03 +0800"
    },
    "done": true
  },
  "extshape:recipes/building_blocks/yellow_concrete_quarter_piece_from_stonecutting": {
    "criteria": {
      "has_base_block": "2025-02-10 17:17:06 +0800"
    },
    "done": true
  },
  "techreborn:recipes/grinder/yellow_concrete_powder_from_concrete": {
    "criteria": {
      "has_yellow_concrete": "2025-02-10 17:17:06 +0800"
    },
    "done": true
  },
  "extshape:recipes/redstone/yellow_concrete_pressure_plate": {
    "criteria": {
      "has_yellow_concrete": "2025-02-10 17:17:06 +0800"
    },
    "done": true
  },
  "extshape:recipes/building_blocks/yellow_concrete_slab": {
    "criteria": {
      "has_yellow_concrete": "2025-02-10 17:17:06 +0800"
    },
    "done": true
  },
  "pfm:recipes/furniture/froggy_chair_yellow": {
    "criteria": {
      "has_concrete": "2025-02-10 17:17:06 +0800"
    },
    "done": true
  },
  "extshape:recipes/redstone/yellow_concrete_button": {
    "criteria": {
      "has_yellow_concrete": "2025-02-10 17:17:06 +0800"
    },
    "done": true
  },
  "extshape:recipes/building_blocks/yellow_concrete_stairs_from_stonecutting": {
    "criteria": {
      "has_base_block": "2025-02-10 17:17:06 +0800"
    },
    "done": true
  },
  "extshape:recipes/building_blocks/yellow_concrete_vertical_stairs_from_stonecutting": {
    "criteria": {
      "has_base_block": "2025-02-10 17:17:06 +0800"
    },
    "done": true
  },
  "extshape:recipes/building_blocks/yellow_concrete_vertical_quarter_piece_from_stonecutting": {
    "criteria": {
      "has_base_block": "2025-02-10 17:17:06 +0800"
    },
    "done": true
  },
  "extshape:recipes/building_blocks/yellow_concrete_stairs": {
    "criteria": {
      "has_yellow_concrete": "2025-02-10 17:17:06 +0800"
    },
    "done": true
  },
  "extshape:recipes/decorations/yellow_concrete_wall_from_stonecutting": {
    "criteria": {
      "has_base_block": "2025-02-10 17:17:06 +0800"
    },
    "done": true
  },
  "extshape:recipes/building_blocks/yellow_concrete_slab_from_stonecutting": {
    "criteria": {
      "has_base_block": "2025-02-10 17:17:06 +0800"
    },
    "done": true
  },
  "extshape:recipes/building_blocks/yellow_concrete_vertical_slab_from_stonecutting": {
    "criteria": {
      "has_base_block": "2025-02-10 17:17:06 +0800"
    },
    "done": true
  },
  "extshape:recipes/decorations/yellow_concrete_wall": {
    "criteria": {
      "has_yellow_concrete": "2025-02-10 17:17:06 +0800"
    },
    "done": true
  },
  "extshape:recipes/redstone/yellow_concrete_fence_gate": {
    "criteria": {
      "has_yellow_concrete": "2025-02-10 17:17:06 +0800"
    },
    "done": true
  },
  "extshape:recipes/decorations/yellow_concrete_fence": {
    "criteria": {
      "has_yellow_concrete": "2025-02-10 17:17:06 +0800"
    },
    "done": true
  },
  "extshape:recipes/building_blocks/black_concrete_stairs_from_stonecutting": {
    "criteria": {
      "has_base_block": "2025-02-10 17:18:51 +0800"
    },
    "done": true
  },
  "extshape:recipes/building_blocks/black_concrete_stairs": {
    "criteria": {
      "has_black_concrete": "2025-02-10 17:18:51 +0800"
    },
    "done": true
  },
  "extshape:recipes/decorations/black_concrete_fence": {
    "criteria": {
      "has_black_concrete": "2025-02-10 17:18:51 +0800"
    },
    "done": true
  },
  "extshape:recipes/decorations/black_concrete_wall": {
    "criteria": {
      "has_black_concrete": "2025-02-10 17:18:51 +0800"
    },
    "done": true
  },
  "extshape:recipes/redstone/black_concrete_button": {
    "criteria": {
      "has_black_concrete": "2025-02-10 17:18:51 +0800"
    },
    "done": true
  },
  "extshape:recipes/building_blocks/black_concrete_vertical_stairs_from_stonecutting": {
    "criteria": {
      "has_base_block": "2025-02-10 17:18:51 +0800"
    },
    "done": true
  },
  "extshape:recipes/building_blocks/black_concrete_vertical_slab_from_stonecutting": {
    "criteria": {
      "has_base_block": "2025-02-10 17:18:51 +0800"
    },
    "done": true
  },
  "extshape:recipes/redstone/black_concrete_fence_gate": {
    "criteria": {
      "has_black_concrete": "2025-02-10 17:18:51 +0800"
    },
    "done": true
  },
  "techreborn:recipes/grinder/black_concrete_powder_from_concrete": {
    "criteria": {
      "has_black_concrete": "2025-02-10 17:18:51 +0800"
    },
    "done": true
  },
  "extshape:recipes/redstone/black_concrete_pressure_plate": {
    "criteria": {
      "has_black_concrete": "2025-02-10 17:18:51 +0800"
    },
    "done": true
  },
  "extshape:recipes/building_blocks/black_concrete_slab": {
    "criteria": {
      "has_black_concrete": "2025-02-10 17:18:51 +0800"
    },
    "done": true
  },
  "extshape:recipes/building_blocks/black_concrete_vertical_quarter_piece_from_stonecutting": {
    "criteria": {
      "has_base_block": "2025-02-10 17:18:51 +0800"
    },
    "done": true
  },
  "pfm:recipes/furniture/xbox_fridge": {
    "criteria": {
      "has_black_concrete": "2025-02-10 17:18:51 +0800"
    },
    "done": true
  },
  "extshape:recipes/building_blocks/black_concrete_quarter_piece_from_stonecutting": {
    "criteria": {
      "has_base_block": "2025-02-10 17:18:51 +0800"
    },
    "done": true
  },
  "extshape:recipes/building_blocks/black_concrete_slab_from_stonecutting": {
    "criteria": {
      "has_base_block": "2025-02-10 17:18:51 +0800"
    },
    "done": true
  },
  "extshape:recipes/decorations/black_concrete_wall_from_stonecutting": {
    "criteria": {
      "has_base_block": "2025-02-10 17:18:51 +0800"
    },
    "done": true
  },
  "extshape:recipes/redstone/orange_concrete_button": {
    "criteria": {
      "has_orange_concrete": "2025-02-10 17:22:28 +0800"
    },
    "done": true
  },
  "extshape:recipes/redstone/orange_concrete_pressure_plate": {
    "criteria": {
      "has_orange_concrete": "2025-02-10 17:22:28 +0800"
    },
    "done": true
  },
  "pfm:recipes/furniture/froggy_chair_orange": {
    "criteria": {
      "has_concrete": "2025-02-10 17:22:28 +0800"
    },
    "done": true
  },
  "extshape:recipes/decorations/orange_concrete_wall_from_stonecutting": {
    "criteria": {
      "has_base_block": "2025-02-10 17:22:28 +0800"
    },
    "done": true
  },
  "extshape:recipes/building_blocks/orange_concrete_vertical_stairs_from_stonecutting": {
    "criteria": {
      "has_base_block": "2025-02-10 17:22:28 +0800"
    },
    "done": true
  },
  "extshape:recipes/building_blocks/orange_concrete_vertical_quarter_piece_from_stonecutting": {
    "criteria": {
      "has_base_block": "2025-02-10 17:22:28 +0800"
    },
    "done": true
  },
  "extshape:recipes/decorations/orange_concrete_wall": {
    "criteria": {
      "has_orange_concrete": "2025-02-10 17:22:28 +0800"
    },
    "done": true
  },
  "techreborn:recipes/grinder/orange_concrete_powder_from_concrete": {
    "criteria": {
      "has_orange_concrete": "2025-02-10 17:22:28 +0800"
    },
    "done": true
  },
  "extshape:recipes/building_blocks/orange_concrete_vertical_slab_from_stonecutting": {
    "criteria": {
      "has_base_block": "2025-02-10 17:22:28 +0800"
    },
    "done": true
  },
  "extshape:recipes/decorations/orange_concrete_fence": {
    "criteria": {
      "has_orange_concrete": "2025-02-10 17:22:28 +0800"
    },
    "done": true
  },
  "extshape:recipes/redstone/orange_concrete_fence_gate": {
    "criteria": {
      "has_orange_concrete": "2025-02-10 17:22:28 +0800"
    },
    "done": true
  },
  "extshape:recipes/building_blocks/orange_concrete_slab": {
    "criteria": {
      "has_orange_concrete": "2025-02-10 17:22:28 +0800"
    },
    "done": true
  },
  "extshape:recipes/building_blocks/orange_concrete_stairs_from_stonecutting": {
    "criteria": {
      "has_base_block": "2025-02-10 17:22:28 +0800"
    },
    "done": true
  },
  "extshape:recipes/building_blocks/orange_concrete_quarter_piece_from_stonecutting": {
    "criteria": {
      "has_base_block": "2025-02-10 17:22:28 +0800"
    },
    "done": true
  },
  "extshape:recipes/building_blocks/orange_concrete_slab_from_stonecutting": {
    "criteria": {
      "has_base_block": "2025-02-10 17:22:28 +0800"
    },
    "done": true
  },
  "extshape:recipes/building_blocks/orange_concrete_stairs": {
    "criteria": {
      "has_orange_concrete": "2025-02-10 17:22:28 +0800"
    },
    "done": true
  },
  "beautify:progression/blinds": {
    "criteria": {
      "obtain": "2025-02-10 18:00:30 +0800"
    },
    "done": true
  },
  "beautify:progression/light": {
    "criteria": {
      "obtain": "2025-02-10 18:01:25 +0800"
    },
    "done": true
  },
  "extshape:recipes/building_blocks/red_concrete_quarter_piece_from_vertical_slab_stonecutting": {
    "criteria": {
      "has_vertical_slab": "2025-02-10 18:17:40 +0800"
    },
    "done": true
  },
  "extshape:recipes/building_blocks/red_concrete_vertical_quarter_piece_from_vertical_slab_stonecutting": {
    "criteria": {
      "has_vertical_slab": "2025-02-10 18:17:40 +0800"
    },
    "done": true
  },
  "extshape:recipes/building_blocks/red_concrete_vertical_quarter_piece_from_vertical_slab": {
    "criteria": {
      "has_vertical_slab": "2025-02-10 18:17:40 +0800"
    },
    "done": true
  },
  "extshape:recipes/building_blocks/red_concrete_slab_from_vertical_slab": {
    "criteria": {
      "has_vertical_slab": "2025-02-10 18:17:40 +0800"
    },
    "done": true
  },
  "extshape:recipes/building_blocks/red_concrete_quarter_piece_from_vertical_slab": {
    "criteria": {
      "has_vertical_slab": "2025-02-10 18:17:40 +0800"
    },
    "done": true
  },
  "minecraft:recipes/decorations/light_blue_stained_glass_pane_from_glass_pane": {
    "criteria": {
      "has_glass_pane": "2025-02-10 21:15:10 +0800"
    },
    "done": true
  },
  "minecraft:recipes/decorations/orange_stained_glass_pane_from_glass_pane": {
    "criteria": {
      "has_glass_pane": "2025-02-10 21:15:10 +0800"
    },
    "done": true
  },
  "minecraft:recipes/decorations/pink_stained_glass_pane_from_glass_pane": {
    "criteria": {
      "has_glass_pane": "2025-02-10 21:15:10 +0800"
    },
    "done": true
  },
  "minecraft:recipes/decorations/black_stained_glass_pane_from_glass_pane": {
    "criteria": {
      "has_glass_pane": "2025-02-10 21:15:10 +0800"
    },
    "done": true
  },
  "minecraft:recipes/decorations/brown_stained_glass_pane_from_glass_pane": {
    "criteria": {
      "has_glass_pane": "2025-02-10 21:15:10 +0800"
    },
    "done": true
  },
  "minecraft:recipes/decorations/light_gray_stained_glass_pane_from_glass_pane": {
    "criteria": {
      "has_glass_pane": "2025-02-10 21:15:10 +0800"
    },
    "done": true
  },
  "minecraft:recipes/decorations/gray_stained_glass_pane_from_glass_pane": {
    "criteria": {
      "has_glass_pane": "2025-02-10 21:15:10 +0800"
    },
    "done": true
  },
  "minecraft:recipes/decorations/white_stained_glass_pane_from_glass_pane": {
    "criteria": {
      "has_glass_pane": "2025-02-10 21:15:10 +0800"
    },
    "done": true
  },
  "minecraft:recipes/decorations/magenta_stained_glass_pane_from_glass_pane": {
    "criteria": {
      "has_glass_pane": "2025-02-10 21:15:10 +0800"
    },
    "done": true
  },
  "minecraft:recipes/decorations/cyan_stained_glass_pane_from_glass_pane": {
    "criteria": {
      "has_glass_pane": "2025-02-10 21:15:10 +0800"
    },
    "done": true
  },
  "minecraft:recipes/decorations/purple_stained_glass_pane_from_glass_pane": {
    "criteria": {
      "has_glass_pane": "2025-02-10 21:15:10 +0800"
    },
    "done": true
  },
  "minecraft:recipes/decorations/blue_stained_glass_pane_from_glass_pane": {
    "criteria": {
      "has_glass_pane": "2025-02-10 21:15:10 +0800"
    },
    "done": true
  },
  "minecraft:recipes/decorations/yellow_stained_glass_pane_from_glass_pane": {
    "criteria": {
      "has_glass_pane": "2025-02-10 21:15:10 +0800"
    },
    "done": true
  },
  "minecraft:recipes/decorations/green_stained_glass_pane_from_glass_pane": {
    "criteria": {
      "has_glass_pane": "2025-02-10 21:15:10 +0800"
    },
    "done": true
  },
  "minecraft:recipes/decorations/lime_stained_glass_pane_from_glass_pane": {
    "criteria": {
      "has_glass_pane": "2025-02-10 21:15:10 +0800"
    },
    "done": true
  },
  "minecraft:recipes/decorations/red_stained_glass_pane_from_glass_pane": {
    "criteria": {
      "has_glass_pane": "2025-02-10 21:15:10 +0800"
    },
    "done": true
  },
  "refurbished_furniture:recipes/misc/constructing/red_kitchen_storage_cabinet": {
    "criteria": {
      "has_wooden_kitchen_storage_cabinets": "2025-02-10 21:16:58 +0800"
    },
    "done": true
  },
  "refurbished_furniture:recipes/misc/constructing/orange_kitchen_storage_cabinet": {
    "criteria": {
      "has_wooden_kitchen_storage_cabinets": "2025-02-10 21:16:58 +0800"
    },
    "done": true
  },
  "refurbished_furniture:recipes/misc/constructing/gray_kitchen_storage_cabinet": {
    "criteria": {
      "has_wooden_kitchen_storage_cabinets": "2025-02-10 21:16:58 +0800"
    },
    "done": true
  },
  "refurbished_furniture:recipes/misc/constructing/brown_kitchen_storage_cabinet": {
    "criteria": {
      "has_wooden_kitchen_storage_cabinets": "2025-02-10 21:16:58 +0800"
    },
    "done": true
  },
  "refurbished_furniture:recipes/misc/constructing/black_kitchen_storage_cabinet": {
    "criteria": {
      "has_wooden_kitchen_storage_cabinets": "2025-02-10 21:16:58 +0800"
    },
    "done": true
  },
  "refurbished_furniture:recipes/misc/constructing/yellow_kitchen_storage_cabinet": {
    "criteria": {
      "has_wooden_kitchen_storage_cabinets": "2025-02-10 21:16:58 +0800"
    },
    "done": true
  },
  "refurbished_furniture:recipes/misc/constructing/green_kitchen_storage_cabinet": {
    "criteria": {
      "has_wooden_kitchen_storage_cabinets": "2025-02-10 21:16:58 +0800"
    },
    "done": true
  },
  "refurbished_furniture:recipes/misc/constructing/light_blue_kitchen_storage_cabinet": {
    "criteria": {
      "has_wooden_kitchen_storage_cabinets": "2025-02-10 21:16:58 +0800"
    },
    "done": true
  },
  "refurbished_furniture:recipes/misc/constructing/magenta_kitchen_storage_cabinet": {
    "criteria": {
      "has_wooden_kitchen_storage_cabinets": "2025-02-10 21:16:58 +0800"
    },
    "done": true
  },
  "refurbished_furniture:recipes/misc/constructing/lime_kitchen_storage_cabinet": {
    "criteria": {
      "has_wooden_kitchen_storage_cabinets": "2025-02-10 21:16:58 +0800"
    },
    "done": true
  },
  "refurbished_furniture:recipes/misc/constructing/white_kitchen_storage_cabinet": {
    "criteria": {
      "has_wooden_kitchen_storage_cabinets": "2025-02-10 21:16:58 +0800"
    },
    "done": true
  },
  "refurbished_furniture:recipes/misc/constructing/purple_kitchen_storage_cabinet": {
    "criteria": {
      "has_wooden_kitchen_storage_cabinets": "2025-02-10 21:16:58 +0800"
    },
    "done": true
  },
  "refurbished_furniture:recipes/misc/constructing/pink_kitchen_storage_cabinet": {
    "criteria": {
      "has_wooden_kitchen_storage_cabinets": "2025-02-10 21:16:58 +0800"
    },
    "done": true
  },
  "refurbished_furniture:recipes/misc/constructing/blue_kitchen_storage_cabinet": {
    "criteria": {
      "has_wooden_kitchen_storage_cabinets": "2025-02-10 21:16:58 +0800"
    },
    "done": true
  },
  "refurbished_furniture:recipes/misc/constructing/cyan_kitchen_storage_cabinet": {
    "criteria": {
      "has_wooden_kitchen_storage_cabinets": "2025-02-10 21:16:58 +0800"
    },
    "done": true
  },
  "refurbished_furniture:recipes/misc/constructing/light_gray_kitchen_storage_cabinet": {
    "criteria": {
      "has_wooden_kitchen_storage_cabinets": "2025-02-10 21:16:58 +0800"
    },
    "done": true
  },
  "refurbished_furniture:recipes/misc/constructing/dark_fridge": {
    "criteria": {
      "has_refurbished_furniture:light_fridge": "2025-02-10 21:17:24 +0800"
    },
    "done": true
  },
  "refurbished_furniture:recipes/decorations/dark_fridge": {
    "criteria": {
      "has_fridge": "2025-02-10 21:17:24 +0800"
    },
    "done": true
  },
  "minecraft:recipes/building_blocks/green_stained_glass": {
    "criteria": {
      "has_glass": "2025-02-10 21:28:34 +0800"
    },
    "done": true
  },
  "minecraft:recipes/decorations/glass_pane": {
    "criteria": {
      "has_glass": "2025-02-10 21:28:34 +0800"
    },
    "done": true
  },
  "minecraft:recipes/building_blocks/orange_stained_glass": {
    "criteria": {
      "has_glass": "2025-02-10 21:28:34 +0800"
    },
    "done": true
  },
  "minecraft:recipes/building_blocks/magenta_stained_glass": {
    "criteria": {
      "has_glass": "2025-02-10 21:28:34 +0800"
    },
    "done": true
  },
  "minecraft:recipes/building_blocks/light_blue_stained_glass": {
    "criteria": {
      "has_glass": "2025-02-10 21:28:35 +0800"
    },
    "done": true
  },
  "refurbished_furniture:recipes/misc/constructing/light_microwave": {
    "criteria": {
      "has_minecraft:glass": "2025-02-10 21:28:35 +0800"
    },
    "done": true
  },
  "minecraft:recipes/building_blocks/light_gray_stained_glass": {
    "criteria": {
      "has_glass": "2025-02-10 21:28:35 +0800"
    },
    "done": true
  },
  "refurbished_furniture:recipes/misc/constructing/crimson_storage_jar": {
    "criteria": {
      "has_minecraft:glass": "2025-02-10 21:28:35 +0800"
    },
    "done": true
  },
  "refurbished_furniture:recipes/misc/constructing/oak_storage_jar": {
    "criteria": {
      "has_minecraft:glass": "2025-02-10 21:28:35 +0800"
    },
    "done": true
  },
  "refurbished_furniture:recipes/misc/constructing/warped_storage_jar": {
    "criteria": {
      "has_minecraft:glass": "2025-02-10 21:28:35 +0800"
    },
    "done": true
  },
  "minecraft:recipes/building_blocks/white_stained_glass": {
    "criteria": {
      "has_glass": "2025-02-10 21:28:35 +0800"
    },
    "done": true
  },
  "minecraft:recipes/brewing/glass_bottle": {
    "criteria": {
      "has_glass": "2025-02-10 21:28:35 +0800"
    },
    "done": true
  },
  "minecraft:recipes/building_blocks/purple_stained_glass": {
    "criteria": {
      "has_glass": "2025-02-10 21:28:35 +0800"
    },
    "done": true
  },
  "minecraft:recipes/building_blocks/black_stained_glass": {
    "criteria": {
      "has_glass": "2025-02-10 21:28:35 +0800"
    },
    "done": true
  },
  "minecraft:recipes/building_blocks/gray_stained_glass": {
    "criteria": {
      "has_glass": "2025-02-10 21:28:35 +0800"
    },
    "done": true
  },
  "refurbished_furniture:recipes/misc/constructing/spruce_storage_jar": {
    "criteria": {
      "has_minecraft:glass": "2025-02-10 21:28:35 +0800"
    },
    "done": true
  },
  "refurbished_furniture:recipes/misc/constructing/light_stove": {
    "criteria": {
      "has_minecraft:glass": "2025-02-10 21:28:35 +0800"
    },
    "done": true
  },
  "refurbished_furniture:recipes/misc/constructing/television": {
    "criteria": {
      "has_minecraft:glass": "2025-02-10 21:28:35 +0800"
    },
    "done": true
  },
  "minecraft:recipes/building_blocks/yellow_stained_glass": {
    "criteria": {
      "has_glass": "2025-02-10 21:28:35 +0800"
    },
    "done": true
  },
  "refurbished_furniture:recipes/misc/constructing/acacia_storage_jar": {
    "criteria": {
      "has_minecraft:glass": "2025-02-10 21:28:35 +0800"
    },
    "done": true
  },
  "refurbished_furniture:recipes/misc/constructing/dark_oak_storage_jar": {
    "criteria": {
      "has_minecraft:glass": "2025-02-10 21:28:35 +0800"
    },
    "done": true
  },
  "minecraft:recipes/building_blocks/red_stained_glass": {
    "criteria": {
      "has_glass": "2025-02-10 21:28:35 +0800"
    },
    "done": true
  },
  "refurbished_furniture:recipes/misc/constructing/birch_storage_jar": {
    "criteria": {
      "has_minecraft:glass": "2025-02-10 21:28:35 +0800"
    },
    "done": true
  },
  "minecraft:recipes/building_blocks/blue_stained_glass": {
    "criteria": {
      "has_glass": "2025-02-10 21:28:35 +0800"
    },
    "done": true
  },
  "refurbished_furniture:recipes/misc/constructing/computer": {
    "criteria": {
      "has_minecraft:glass": "2025-02-10 21:28:35 +0800"
    },
    "done": true
  },
  "minecraft:recipes/building_blocks/lime_stained_glass": {
    "criteria": {
      "has_glass": "2025-02-10 21:28:35 +0800"
    },
    "done": true
  },
  "minecraft:recipes/building_blocks/pink_stained_glass": {
    "criteria": {
      "has_glass": "2025-02-10 21:28:35 +0800"
    },
    "done": true
  },
  "refurbished_furniture:recipes/misc/constructing/jungle_storage_jar": {
    "criteria": {
      "has_minecraft:glass": "2025-02-10 21:28:35 +0800"
    },
    "done": true
  },
  "refurbished_furniture:recipes/misc/constructing/mangrove_storage_jar": {
    "criteria": {
      "has_minecraft:glass": "2025-02-10 21:28:35 +0800"
    },
    "done": true
  },
  "minecraft:recipes/building_blocks/cyan_stained_glass": {
    "criteria": {
      "has_glass": "2025-02-10 21:28:35 +0800"
    },
    "done": true
  },
  "refurbished_furniture:recipes/misc/constructing/pale_oak_storage_jar": {
    "criteria": {
      "has_minecraft:glass": "2025-02-10 21:28:35 +0800"
    },
    "done": true
  },
  "minecraft:recipes/building_blocks/brown_stained_glass": {
    "criteria": {
      "has_glass": "2025-02-10 21:28:35 +0800"
    },
    "done": true
  },
  "refurbished_furniture:recipes/misc/constructing/cherry_storage_jar": {
    "criteria": {
      "has_minecraft:glass": "2025-02-10 21:28:35 +0800"
    },
    "done": true
  },
  "extshape:recipes/decorations/green_concrete_wall": {
    "criteria": {
      "has_green_concrete": "2025-02-11 12:55:34 +0800"
    },
    "done": true
  },
  "extshape:recipes/redstone/green_concrete_button": {
    "criteria": {
      "has_green_concrete": "2025-02-11 12:55:34 +0800"
    },
    "done": true
  },
  "extshape:recipes/building_blocks/green_concrete_slab_from_stonecutting": {
    "criteria": {
      "has_base_block": "2025-02-11 12:55:34 +0800"
    },
    "done": true
  },
  "extshape:recipes/decorations/green_concrete_wall_from_stonecutting": {
    "criteria": {
      "has_base_block": "2025-02-11 12:55:34 +0800"
    },
    "done": true
  },
  "techreborn:recipes/grinder/green_concrete_powder_from_concrete": {
    "criteria": {
      "has_green_concrete": "2025-02-11 12:55:34 +0800"
    },
    "done": true
  },
  "extshape:recipes/building_blocks/green_concrete_vertical_slab_from_stonecutting": {
    "criteria": {
      "has_base_block": "2025-02-11 12:55:34 +0800"
    },
    "done": true
  },
  "extshape:recipes/building_blocks/green_concrete_vertical_stairs_from_stonecutting": {
    "criteria": {
      "has_base_block": "2025-02-11 12:55:34 +0800"
    },
    "done": true
  },
  "extshape:recipes/redstone/green_concrete_fence_gate": {
    "criteria": {
      "has_green_concrete": "2025-02-11 12:55:34 +0800"
    },
    "done": true
  },
  "extshape:recipes/building_blocks/green_concrete_stairs_from_stonecutting": {
    "criteria": {
      "has_base_block": "2025-02-11 12:55:34 +0800"
    },
    "done": true
  },
  "extshape:recipes/decorations/green_concrete_fence": {
    "criteria": {
      "has_green_concrete": "2025-02-11 12:55:34 +0800"
    },
    "done": true
  },
  "extshape:recipes/building_blocks/green_concrete_stairs": {
    "criteria": {
      "has_green_concrete": "2025-02-11 12:55:34 +0800"
    },
    "done": true
  },
  "extshape:recipes/building_blocks/green_concrete_vertical_quarter_piece_from_stonecutting": {
    "criteria": {
      "has_base_block": "2025-02-11 12:55:34 +0800"
    },
    "done": true
  },
  "extshape:recipes/building_blocks/green_concrete_quarter_piece_from_stonecutting": {
    "criteria": {
      "has_base_block": "2025-02-11 12:55:34 +0800"
    },
    "done": true
  },
  "extshape:recipes/redstone/green_concrete_pressure_plate": {
    "criteria": {
      "has_green_concrete": "2025-02-11 12:55:34 +0800"
    },
    "done": true
  },
  "extshape:recipes/building_blocks/green_concrete_slab": {
    "criteria": {
      "has_green_concrete": "2025-02-11 12:55:34 +0800"
    },
    "done": true
  },
  "techreborn:recipes/grinder/saw_small_dust_from_signs": {
    "criteria": {
      "has_tag_minecraft_signs": "2025-02-11 13:43:07 +0800"
    },
    "done": true
  },
  "techreborn:recipes/industrial_sawmill/saw_dust_from_signs": {
    "criteria": {
      "has_tag_minecraft_signs": "2025-02-11 13:43:07 +0800"
    },
    "done": true
  },
  "techreborn:recipes/extractor/bucket_from_water_bucket": {
    "criteria": {
      "has_water_bucket": "2025-02-11 19:04:53 +0800"
    },
    "done": true
  },
  "pfm:recipes/furniture/basic_shower_head": {
    "criteria": {
      "has_water_bucket": "2025-02-11 19:04:53 +0800"
    },
    "done": true
  },
  "refurbished_furniture:recipes/food/dough": {
    "criteria": {
      "has_water": "2025-02-11 19:04:53 +0800"
    },
    "done": true
  },
  "minecraft:recipes/brewing/cauldron": {
    "criteria": {
      "has_water_bucket": "2025-02-11 19:04:53 +0800"
    },
    "done": true
  },
  "minecraft:recipes/transportation/bamboo_raft": {
    "criteria": {
      "in_water": "2025-02-11 19:05:20 +0800"
    },
    "done": true
  },
  "minecraft:recipes/transportation/birch_boat": {
    "criteria": {
      "in_water": "2025-02-11 19:05:20 +0800"
    },
    "done": true
  },
  "minecraft:recipes/transportation/oak_boat": {
    "criteria": {
      "in_water": "2025-02-11 19:05:20 +0800"
    },
    "done": true
  },
  "minecraft:recipes/transportation/cherry_boat": {
    "criteria": {
      "in_water": "2025-02-11 19:05:20 +0800"
    },
    "done": true
  },
  "minecraft:recipes/transportation/acacia_boat": {
    "criteria": {
      "in_water": "2025-02-11 19:05:20 +0800"
    },
    "done": true
  },
  "minecraft:recipes/transportation/pale_oak_boat": {
    "criteria": {
      "in_water": "2025-02-11 19:05:20 +0800"
    },
    "done": true
  },
  "minecraft:recipes/transportation/jungle_boat": {
    "criteria": {
      "in_water": "2025-02-11 19:05:20 +0800"
    },
    "done": true
  },
  "minecraft:recipes/transportation/spruce_boat": {
    "criteria": {
      "in_water": "2025-02-11 19:05:20 +0800"
    },
    "done": true
  },
  "minecraft:recipes/transportation/mangrove_boat": {
    "criteria": {
      "in_water": "2025-02-11 19:05:20 +0800"
    },
    "done": true
  },
  "minecraft:recipes/transportation/dark_oak_boat": {
    "criteria": {
      "in_water": "2025-02-11 19:05:20 +0800"
    },
    "done": true
  },
  "DataVersion": 4189
}