{"stat.useItem.35":13583,"stat.drop":12,"stat.useItem.24":557,"stat.flyOneCm":1695364,"achievement.openInventory":40,"stat.killEntity.Sheep":1,"stat.useItem.155":671,"stat.jump":338,"achievement.exploreAllBiomes":{"value":0,"progress":["Plains"]},"stat.mobKills":1,"stat.useItem.355":6,"stat.useItem.3":4,"stat.walkOneCm":142222,"stat.useItem.5":361,"stat.useItem.44":172,"stat.useItem.41":375,"stat.useItem.126":124,"stat.useItem.12":157,"stat.playOneMinute":616074,"stat.damageDealt":340,"stat.useItem.22":16,"stat.useItem.20":59}